Date,Mgr_01,Mgr_02,Mgr_03,Mgr_04,Mgr_05,Mgr_06,Mgr_07,Mgr_08,Mgr_09,Mgr_10,Mgr_11,Mgr_12,Mgr_13,Mgr_14,Mgr_15,Mgr_16,Mgr_17,Mgr_18,Mgr_19,Mgr_20,SPX,RF
2015-01-31,-0.051552676640574925,-0.01921300228396042,0.08213814721105028,0.029636093665838695,-0.0007146087451808779,-0.12009305224316665,0.12134685378350321,-0.0023464528605042414,0.06477716013402886,0.0003500095703427054,0.005842652852307676,0.03019317556004007,-0.0816119831620013,-0.03863902087315455,0.0014029404666300654,0.019664700925780383,-0.03990762797392789,-0.00328293058228657,0.005668508302569662,0.006374026858778683,0.010066329231853789,-0.0003336723260026423
2015-02-28,0.0406579535599963,0.0015775883532341292,0.06201760558248455,0.042463503677540065,0.02702272567738018,-0.014859821522803393,0.10652814095378162,-0.12295441878274842,0.001785423130840864,0.024631015846341493,0.022086505675547166,0.12782678637249192,-0.004422949721928109,0.015716261020508184,-0.026269997390125067,0.02549625789329602,0.010896088658994205,0.016155748563994987,0.015306397050186283,0.02529133367205302,-0.005872760452832981,0.00016114085142008596
2015-03-31,0.07374298568760349,0.08914350184968092,0.016052436365823184,0.012653422461768477,0.01291026317018913,-0.013290011947013848,0.07003503005815516,-0.12706600532975118,0.022234663215017363,0.022997297531354342,-0.053527822622698826,0.03729831247115763,-0.0033801096882820846,0.019375815716653002,0.008779139872302033,0.008052681085660613,-0.06156512287709794,-0.06590111379396316,-0.12829207833923226,0.019713552820386417,-0.03891532711079779,7.325720894894156e-06
2015-04-30,-0.006418050198849753,0.010424827412986223,-0.028418455859189014,0.0455401346613069,0.023148572009295806,-0.00705897864490143,-0.04560256981151738,-0.0069933229901576075,0.04054584529978625,0.09777491278034797,0.0017955950206002544,-0.015412127543549044,0.08086314536597465,0.01291290926187929,-0.013072017126441111,0.01273163953675011,0.05138404419542103,0.010595870770752113,-0.009694789259074504,-0.008419435410550001,-0.04007419967261428,-0.0003365079351789155
2015-05-31,-0.053254273728315184,0.0514010390778491,-0.04194099469755468,0.017464071209439106,-0.019764991443226295,-0.06681172464345846,0.054235732517526516,-0.01986558653358832,0.011996112376794906,-0.008217062772169506,0.03853452354033135,-0.023602441830945557,-0.05165327783849995,0.008876371843231753,-0.01137216108946177,-0.004270855420708855,-0.0719780257554637,0.01598803656254598,0.0040598482635155735,0.0213745551917252,0.018100365942116087,0.00025124695148818376
2015-06-30,-0.05224331129013894,-0.01983729339164547,0.047223236404889284,0.03337371861198982,0.030407523767376526,0.04273054294555493,0.04212647547035575,-0.012613667458660821,0.012420005669500961,0.04235623364420692,0.041753090750978175,-0.017547593920285473,-0.011878982839078725,0.07459885941368491,0.02353659035611557,0.05747625356975191,-0.018423641726695895,-0.11906515058341917,-0.012160285972901667,0.0999953208195633,0.05131532526162003,0.0003703345689311203
2015-07-31,0.042890312658846914,-0.05279496883754787,0.011287678724432888,-0.03192137257369336,0.05353354268898028,0.03916828924477631,0.031046715068745775,-0.00795964112296948,0.04306324095219236,-0.05269663626944308,0.1048152130935754,-0.0077626744254064165,0.06631240707953022,-0.05522790282381896,-0.03628987652917482,-0.027092469100419438,-0.03593858142378261,-0.043226503999178816,-0.0544929814912852,-0.007650655588114358,-0.0006589252134284521,0.00038135820179264774
2015-08-31,0.04886642855536079,-0.04222834385758688,0.01970240708437072,-0.0041551888274106545,-0.028677853908306628,-0.09146546490855369,0.07642248442527408,0.0076823150195565295,0.0040163364655463165,0.04932448174527529,0.08624829734443969,-0.015511894962656338,0.019473799054389708,-0.005529514512401383,0.03710437671822603,-0.015952602552838712,0.007916477941283027,0.03759346865234332,-0.03511446128379062,0.021996960683235953,0.008571721418801928,0.00015512462146362755
2015-09-30,0.035961158128808436,-0.030697299033757494,-0.06641072458029627,0.015748837327158562,-0.026069765491687952,0.05047156308254739,0.04188724700011972,0.05223068700714727,-0.025610541839435452,0.017617395960188336,-0.06762801683732177,0.06546431176066504,0.023700687788440148,0.052755691575567705,-0.038114313289322084,0.005316254869714775,-0.03912020295202524,0.03635859647700123,-0.009450814261016445,0.058024484236254656,0.03171473340751487,9.254496104875643e-05
2015-10-31,-0.04199058114716117,0.10647389795054724,0.03701596446618873,0.048733947924246505,0.044260867118210256,0.1380490128098846,0.04777021728209654,-0.07478144575549055,-0.011689806755331548,-0.035764744011739284,0.11371074674260563,-0.1003228325722093,0.006965076542690959,0.059226510056267785,-0.015503042262440432,0.03617118537395497,-0.017519360222329538,-0.05780589913492514,0.009489264191530278,0.05297368161541718,-0.03954381547856477,0.0003489646575124927
2015-11-30,0.01590393670630038,-0.03531953894930401,0.01870673825920051,-0.015478742858195357,-0.0040435482212185766,0.016356734792119458,0.04197355165441962,-0.07853653570068346,0.03466859594008121,0.0006767049302802074,-0.035862573887663625,0.062065911856916935,0.014997027058133511,-0.07260954257432534,0.06404252428092026,-0.04830354999492351,-0.015487626234657824,0.02238667515984974,0.04586029057628589,0.004473494804163643,0.039498266841313384,0.000419810050401353
2015-12-31,0.008456443162948512,0.044467228074982136,-0.0418643238802128,0.03290320598876599,0.04641293918033611,-0.016596580305851937,0.025326155686509637,-0.07368446785637876,0.006770112284746665,0.004338944776702053,0.07057153775798743,-0.01562953080036717,0.0316930063080356,-0.01816297646321768,0.03956673292793512,-0.041653274260286206,-0.04460799691369482,0.07518897499412963,0.07954753434710016,-0.09845893883691641,0.04317716994502186,0.00031004707390845833
2016-01-31,0.015035024856505756,-0.03923902043137303,-0.01713404156244758,-0.00871504254411655,-0.01198896396715391,-0.0039582747655170095,-0.09410644693567673,0.011591030587101672,0.021681476066493986,-0.0017569909621607091,0.00459187059919013,0.03171497534763605,-0.02749871220827151,0.0638192106226274,0.007887200011873654,-0.06751234169442617,0.02666387592027991,0.0601949638540113,-0.017764527489474515,0.026175873858238708,0.12558968088955239,-0.0001049741871126269
2016-02-29,0.05713293912283022,0.04894157237364822,0.011325146526794408,-0.000872859123660638,0.048033205291526625,0.04504022813038135,0.010868198046911578,0.07057207908821632,0.03626794472257921,0.14298504234838855,-0.027836895626926397,-0.0623900523793079,0.03543931552737006,0.02210159295820138,-0.02405024329857194,0.006088001350867846,0.01224532118498691,0.006879310279259368,-0.029214404677944297,-0.09141452457776747,-0.012038175119700359,0.00012360230397631772
2016-03-31,0.015351494490934757,0.02266659221184594,0.00314822662593178,0.04920938472248412,0.00616784310537578,-0.10675305420238437,-0.025101696902584198,-0.032844215871291216,-0.00993733935445345,0.010417181145062451,-0.12209327841053962,0.09126418466865162,-0.048515415001769174,0.006749479173269248,-0.011398193065431982,-0.034828295260684206,-0.006866133452086887,-0.015898290200308623,0.0340334337905424,0.06714223355605269,-0.015824558786983647,0.00017123656219161906
2016-04-30,0.04471683659994297,-0.0033664533547933958,-0.010191758108894033,-0.10005352357209595,0.010176836151938203,0.015866941959899784,-0.06578479804566816,-0.16057235896369734,0.04007824293347957,0.00010477273175974032,-0.011587602975545612,0.0860709101546997,0.014938265358952579,-0.013516808248406124,0.007138745943434908,-0.008744421269060785,-0.02684502386601609,-0.02576057397171948,0.04628863606507569,0.01125330520618033,0.04085034556939231,-0.00027859006045011253
2016-05-31,0.005289346398811074,0.002203433747271036,-0.002888363364178871,-0.06321673637788114,0.05150224143866146,-0.020034925249543388,0.1007177673626781,-0.11135888328391386,0.02338976979397353,-0.13131221198673557,-0.10532197943885362,0.06817239261445332,0.009357833757382066,-0.021669315467933284,0.006038859155031515,0.028436702791487332,0.04486639399893032,0.041294442390393316,-0.027660772879406142,0.04693212405006606,0.04316613432659475,0.00017720546525748816
2016-06-30,0.019577398603321045,-0.027311473742148627,-0.00863596680202089,-0.07303756647171328,-0.009434288390146699,0.12479354965235451,0.10337012604105121,-0.05762639780200708,-0.04796437144580517,-0.04600227537881725,0.06533215692080029,-0.08665359751475535,-0.02029345151978799,0.011311494025362575,0.002088906212935141,-0.01788010881506241,-0.015470335577704233,0.024626962750311322,0.05899383582898478,-0.0347993093183264,-0.019381283630023085,0.0005379316985292112
2016-07-31,0.041645281605412414,0.025604562343986347,0.007022655315652199,-0.11806270385093058,-0.027759690902104433,-0.006039803339746693,0.08258161780471038,-0.040641645542831055,0.0704149385453716,-0.0012548982922931243,0.10244537803878327,0.06000859167265683,0.001845517961241645,-0.015219265842594348,0.003935944368545849,0.013147453088529139,-0.019611883719321217,0.05116993054974663,0.07238141421336956,-0.06275084974429439,-0.013287953070888574,0.00021132056649349163
2016-08-31,-0.09304711349341031,-0.017707302416211927,0.0580747728513553,-0.03052482809924258,-0.012179650615318973,0.1131507010642832,0.020515013716796083,-0.031428295985473836,-0.015504648749264488,-0.031229934930444958,-0.05382399972566937,0.033461205209754284,-0.020526439642123806,-0.004923105515024776,-0.0017106099955642316,-0.005715260030947556,0.004431401534990253,0.020762546507986708,0.09446628708053897,0.015176191621737499,0.03032709614229281,0.0003780159496216846
2016-09-30,-0.019686026348601636,-0.05474950612712977,-0.09823087932453874,0.044974343116586685,0.016316552473279407,-0.066187493294385,0.08209838524850287,-0.003853089247156153,-0.06654880656024581,0.11536002798590954,0.020395343245124112,-0.09231744010346939,-0.037278182648292635,0.0010239294074059831,-0.03947694204491671,0.02881835534185918,0.09746884745852863,0.0627429780311296,0.1289014714482536,0.0025258211081175606,-0.03289114539988657,0.00011991627935907435
2016-10-31,-0.029405385439029673,-0.05726498696480147,-0.008050438000561006,-0.009722189780814457,-0.0475175092089758,0.04322864356690324,0.006844694954483809,-0.02546607750786786,-0.03957297107864151,0.005702916368944094,-0.04899351822970564,0.006608058940936762,-0.010496700580567828,-0.03611127084386266,-0.011005592820801427,0.021815800657767517,-0.0800234598758625,0.018484039154078827,-0.05824518336550994,-0.017154571710544308,-0.013628419346023424,6.868966853656903e-05
2016-11-30,-0.04027298239791607,0.012458743998678176,0.00794969017178064,0.015802458632511406,0.022172597502168538,0.025896834732829836,0.017568210602291363,0.058504316913665366,-0.0385117807277202,0.1087476596073616,-0.04244835671336933,0.030938244248189355,-0.038482357731962645,0.02328191101852364,0.03302222754143811,-0.019671429604197835,0.04330668024244209,0.060660413499913586,0.00404754463899667,0.007608385296762504,0.009471446001942075,0.00015958761134952844
2016-12-31,-0.016814169198739053,0.08006642199122609,0.012574491762633365,0.06294269066475121,-0.015032981028032154,-0.051001654918876836,-0.055307214606974256,-0.04793929283218818,0.008944800879300462,0.021771856600228404,0.05230998604395235,0.04292343145577903,0.01473050980001664,0.14018928188555682,-0.03721132450869032,-0.0010695705335409522,-0.11233239853468892,0.06592463927584703,0.003862112144242231,0.12290375052630043,0.05133377075561274,-7.983199626355321e-05
2017-01-31,0.0973458414773855,0.011853265965775366,-0.013278404757849936,0.07555332684927742,0.038315157283126594,0.016708457049221075,0.028485679263862303,-0.05943286491654001,-0.005471626453122841,0.02003645236096583,-0.0026029047443783624,0.019220095397574945,-0.04020156850984854,-0.09004286592110927,-0.0009470531227596265,0.04202919113887003,0.011011255003868388,-0.03646712176016526,-0.003875792653684184,0.03983467599232458,-0.022591880570901317,-0.0001094217041135444
2017-02-28,-0.0549101373800452,-0.0015398933130078623,-0.06688046771429297,0.0016868408792743137,-0.07372373369672162,0.08368606704902395,0.00956193227737804,0.023310291558432644,-0.008256599832876695,0.011101334284937174,0.11749720732837798,0.02635148720841322,0.029245201470722997,0.013068134216593792,-0.020334648743470046,0.018909672769737627,0.0903676274447397,-0.09780486698543704,-0.04287900599898478,0.0490733936949649,-0.07976275987500206,0.00033659424476720646
2017-03-31,0.06337916892692137,0.01790186882515745,0.013813181232259537,0.07692295105934006,-0.022870938200877326,-0.015720897995117392,-0.06706722737017373,-0.10097270410650734,0.03404031503689965,0.017666153971966365,-0.032570363754579335,0.10033596717850306,-0.04137241120543445,-0.0401414137451233,0.008310099137938372,-0.0447340911463386,0.026872794546296357,0.10703598873012789,-0.10205712966043558,0.040239139475935645,-0.0831905117706502,0.000357801801906637
2017-04-30,-0.10760433988042968,0.06693957936997705,0.06797833887824548,0.010214793031306056,-0.051335643809695956,-0.10424839139721227,0.003288802459520418,0.017808213091328816,0.02166667971661419,0.1392595155176787,0.06749596781496126,0.084844423288712,-0.018428738836510958,0.025503789726328743,-0.007071532728513929,0.028231939175689145,0.008284935940955576,0.028388983989252835,0.00962225571872355,0.0675515777880368,-0.05283646451336413,-0.00011488792978413675
2017-05-31,-0.020667228119571304,0.014708061903316989,-0.0582541578723051,-0.03894009933972178,-0.02412553572724924,0.004093639845470906,0.0016847255739700806,9.35823108166866e-05,0.020613053384722056,-0.14706333315086703,0.0065793791059946555,-0.17127041064850348,-0.020603390030334092,-0.000548562203110301,0.050335425015634996,-0.033630483501400785,-0.03444227787205872,-0.09208079351679838,-0.0513062361959907,-0.004198583539289652,-0.055319285514175504,0.0002769330942441062
2017-06-30,0.0114275110516247,-0.01558961051438591,0.0345537788998004,-0.026089949274628977,0.009842721608895934,-0.05316123890926503,0.10722485454751036,-0.015329569660420535,0.024759931351170168,-0.12451253516506813,0.05374747738887181,-0.011734519206805795,0.05211374381638604,0.03455617336901236,0.02046914624885165,0.05513837934472207,0.00012739050220685044,-0.03092340468016763,0.009149144019850829,-0.08433579356638443,-0.0018078317153720055,6.594133821212914e-05
2017-07-31,0.038738795660913504,0.05733979104164399,-0.011598922510901461,-0.07295037057169229,-0.0036602654010457316,-0.016921126102643055,0.05643919530182045,0.09175329026118206,0.03388257293009925,-0.021113796265445982,-0.030201382524162376,-0.002174220497531891,0.015009946519323773,0.05485701489323579,-0.03547218538544676,0.04133085766448724,-0.016418804719039674,0.059877238709523495,-0.05312395989831415,-0.004134740731174076,-0.04957868880376914,0.00015129504823141945
2017-08-31,0.046800836707098205,0.024772229779760253,-0.001256314359555288,-0.04162308768678712,-0.006005725123433844,-4.9093749760486415e-05,0.006810528100973172,-0.0446195647657147,-0.08657370641091278,0.018427026248937314,-0.003347243160914407,-0.10150479404675107,-0.005205163454690108,0.006610006216689461,0.025534325451899934,0.015230714687881427,-0.04762307636818274,-0.004390054618560691,-0.0747498483235242,0.03885525617363252,-0.027125527884836013,0.000175377061220346
2017-09-30,0.05209713745629383,0.07798338633701579,-0.03963741229665402,-0.01358957000556739,-0.0030263270488307178,-0.10513417474405751,0.02015374193489189,0.12087406627733467,-0.009477320426441187,0.0663253834665622,-0.0078008858344235195,0.014021677295916062,0.021291628429027588,0.05272440333226409,-0.018947116309958868,0.010515119951889083,-0.01862875115938073,-0.018592624669689643,0.019643481127453958,-0.03770833401516588,-0.03042016219228876,0.000282203426958197
2017-10-31,-0.021559829692723492,0.01297049995565601,-0.011828493178870353,0.04783794850145006,0.008442180167626732,-0.09931112145153809,0.008652665236838181,-0.02014099521023422,-0.08976882196665813,0.050938868409192324,-0.05646796006642855,0.08626631234716346,-0.0758974588827468,-0.11788487169283926,-0.012866389179619837,-0.0025050345877503026,0.009907123525297141,0.09832008087960453,0.013743576817902088,-0.00360956414701455,-0.015012853229925485,9.987697370597111e-05
2017-11-30,-0.028888086895317334,-0.054694865791720386,0.05143851824684238,0.0963402764843855,-0.029892053454126797,0.03642217435490394,-0.005240626723450953,-0.08501713871930723,0.008232283800549847,-0.009846024193748118,0.04471751150922046,-0.05986086845622965,0.001082885467612557,0.07522135824002678,0.014538897965782853,0.029046207941896305,-0.046526686329818975,-0.051303833881682005,0.04405518166552792,-0.025759642744071713,0.066417191878079,0.0003653657323937205
2017-12-31,0.05626530616897229,-0.061601752046107995,0.023670357295502344,-0.06774918726483463,0.024367108164793407,-0.02859246790185284,-0.054686317996946975,-0.00191970458714724,0.006432887013732001,0.08964716802488,0.04391833312369659,0.029177857456156742,0.07719010249842044,0.015573503214570324,-0.010243767230028435,-0.008254850205340655,-0.04880980235937408,-0.03607760862843693,0.15773998415367887,0.06852142555200132,0.03590738284910395,0.00014521590128531827
2018-01-31,-0.011407114543471814,0.0835194609662192,0.06817038063372195,0.026116374823184532,0.02296953970931893,-0.16072172598056833,-0.002324970990114267,-0.07263082269802254,0.05287007916552865,0.09043782393289622,0.040089154453701384,-0.049176964301380896,0.007627523874706653,0.050063984727173626,0.032352543553564865,0.013299879411258328,-0.08118575709044305,0.025622094896223968,0.022685618651922618,0.03617875669860295,0.006078319113451101,0.00020817018782723985
2018-02-28,-0.08134339503672182,0.0870158145482185,0.04669174482806121,-0.04968279807027085,0.014187920247013696,0.05601337147204085,-0.03577811203499337,-0.05261188187484989,0.05915368393565626,0.030446694721014075,0.1038078782271978,-0.03391481302180375,0.0052244428241365794,-0.06270146449866472,-0.018942754097720407,0.035921647338438834,0.021148545477553547,0.03656616104286385,0.037389394932500965,0.03197068552908874,-0.015960558442413772,-8.331918497411597e-05
2018-03-31,-0.0721594874593371,-0.00446631040897601,0.01811321464836941,0.03044578272430283,0.019612474282266756,0.022853725940024373,-0.06412489718495047,0.018261143052272066,0.015604249452249494,0.08564939370498449,0.09788989640234481,0.1005726315395092,0.023134365265431254,-0.04360526712056384,-0.014156955971523411,-0.015045611747747094,0.03018394672834171,0.04303768827299525,-0.07318622111308504,0.03068400889921326,-0.014676825940509708,0.0005150651354743002
2018-04-30,-0.05836838845060967,-0.014256210990331598,0.06862027180245596,-0.0015891149598059459,0.011384793507552457,-0.040961224095504935,0.03490764820419379,0.028042600572394896,-0.015487683430203592,0.03672754108205899,-0.02532406147566331,-0.025820796138924122,0.03609372919808251,0.004328762836747801,-0.015308288582018315,-0.016978956431245126,0.01185211131282145,0.06839468588037424,-0.08799995262018571,0.002369138063242267,0.020471294345549944,0.0001772983179743266
2018-05-31,0.03299484550327588,0.07441137813068016,0.018109594739997785,-0.09147850920807844,0.06637999369500847,-0.0799754490693327,0.02816373083242348,-0.04461711274808504,0.028091061376245407,-0.022412130409331755,0.025196249210695788,0.037050201641889186,-0.07180517292849194,-0.003669639813425772,-0.012516980173897617,-0.03753209798359314,0.05472166653099798,0.02483932160532631,0.115068121611995,0.01246017955845375,0.03231494707350925,0.0002259328184023532
2018-06-30,0.010116517520696507,-0.04905057061274603,0.03316651777614541,0.05443293448553396,-0.0007460346344666341,0.05931098773173374,-0.0942805236057384,0.05468335209578502,-0.016706205250488812,0.06687219341135442,-0.04211848472209376,-0.1089584025745999,-0.060051824396787516,0.011058723512199274,0.038700312390822944,-0.0329146133241953,0.0034482268684112383,0.04261237159982257,-0.06228311583012098,-0.04696472037641857,-0.036587723584138546,-0.00023830382890897497
2018-07-31,0.04546314926655746,-0.038844855908061734,-0.010362060968903656,-0.026650514779460507,-0.0077044821662735526,0.02783477253091487,-0.0007301822174539617,0.06517760750576167,0.006576170558077457,0.025239467012961328,0.0015774365581935077,0.12465828689239433,0.010534522690945371,0.050391417749172426,0.02422894453114848,-0.06007087219595134,0.021223699791529712,-0.0031391449743893053,-0.07080739964303805,-0.08999492385684901,0.007018307259262733,-8.120707128248687e-05
2018-08-31,-0.02662439776531944,0.03508617867098656,0.003693186517769367,-0.02289059803587986,-0.021825910970969854,0.15939630992474224,0.06214479139933364,0.0823774339887601,0.05024365297728479,0.017491994938413934,-0.04050755306227297,0.045837881933913395,-0.023970182971752158,-0.08946540855746675,0.057489665397803084,0.03087001511152071,0.016070451737760474,0.016534770334771062,0.0002973662557376358,0.010419879569348254,-0.08850315505534748,0.0003309100709170794
2018-09-30,0.011155773132436592,-0.014805040872976544,-0.025877968702116207,-0.051227392874968344,-0.030642547637820136,0.03241834338583954,0.06571597897247622,0.02642815842564075,-0.01802630454882996,0.12182936522712448,0.10942083249656356,-0.003291065616013821,0.051624370624990604,0.04495877185941967,0.07464690766743709,0.06922983505350895,-0.007037146103172647,0.019274989409823386,-0.0033181070319980004,0.01789382691701779,0.015111974155897216,0.0001407115569918543
2018-10-31,0.04127780485965755,0.003916605809445489,0.03942144335404008,-0.029256662467877337,-0.03735490911590748,0.03031637204083448,0.06383898823588713,0.07788162802860102,0.042264006079525435,-0.15636976271614664,0.024564461285146177,0.04414179552898392,-0.009063043955251485,-0.002427016839571539,-0.026824775064244993,0.055593963712154075,-0.03271070816766983,0.02584893920855255,-0.06079900685943612,0.05593952211561472,0.04053549893393466,-0.0002994226136324519
2018-11-30,-0.019020145245522046,-0.003693555534120701,-0.044491497923080686,0.0279705657858377,-0.026104611890271485,-0.005571028356744367,0.0083547490946536,-0.12226666846360068,0.036591721381298306,-0.08311676654725499,-0.014725860088386018,-0.08008752972914496,-0.06945793759062295,-0.012834497198913336,0.007050877421285504,-0.05287903715092433,0.12771767824377858,0.05991791277704896,-0.018516407863837576,0.07149995591497381,-0.00760248243636605,0.0002909913191300971
2018-12-31,0.030390217139644217,0.02038930677808753,0.03140000322483761,-0.0046645947659688216,-0.00022685200354848563,0.0580795203934752,-0.041340855460207326,-0.02584612398632504,-0.03558212822420978,-0.06676625882698464,0.0806179442209109,0.0821223209695161,-0.04459978176500893,-0.07503157651905668,-0.031300462429411674,0.03069319297336549,-0.028101148704607413,0.046631509740707136,0.09005705930149722,0.07144248255323615,0.08923512135027031,-2.5423227537211353e-05
2019-01-31,-0.04175944923969329,0.07181751677709783,-0.006262194265025286,0.02272319338797229,0.012582880452953422,0.04567617691594327,-0.05475780825087301,-0.0597220414873395,0.04970231638987561,-0.008358169494110095,-0.1466050848721144,-0.012144132648576708,-0.09985928368495678,0.02185471357772673,-0.019037996169132095,0.05547940552449556,-0.04060396831497808,0.015405254970976015,-0.05396956951861185,-0.038921258846146986,-0.035369327054462794,0.00036559673050867573
2019-02-28,-0.02248395161761635,0.008517030532762376,0.046453122616402776,0.024482032187398046,0.0036264991920268975,0.08622290217364617,0.02554054812563021,0.0011221810604522555,0.03752761417696544,-0.0006547119812071007,-0.13603408532384956,-0.004640734105584148,-0.006040277011584764,-0.12131094374266518,-0.014499545603838511,-0.011313147268825227,0.023678299520321612,-0.03674821896225185,-0.09555485144791628,-0.011169032281605307,0.015376475917976687,6.57661976125934e-05
2019-03-31,-0.02368896312085196,0.03511559616493675,0.030181446951558326,0.07518186030256806,-0.022205725016659784,-0.02850215412435883,0.02748996256222271,-0.04148810323485231,0.011144806640335536,-0.089472344700224,0.05375157343234807,-0.022635717521713443,-0.004334322914502669,0.02898784524578603,-0.027638116037115874,0.008532035304739057,0.013032335849820907,0.01683870072804093,0.06976380929349822,0.02461289421111176,0.0036786591628341697,0.00012427467053743933
2019-04-30,-0.07619375251273171,-0.09438468784323772,0.07158956723693448,-0.012784152709484443,0.030482462248207637,-0.022942995687177458,0.07854003501469921,-0.0164841885158995,-0.02707138174861678,-0.05245067596636715,0.004084086903799945,-0.028204407126914077,-0.013139019247998799,-0.07606173488811743,-0.027476062118957516,-0.06645173761132117,-0.08378934468438869,0.010990505947353537,0.03789995239208189,0.11278152212136638,0.0007007825095298638,0.00031912424905166303
2019-05-31,0.032337762262612535,0.0018210114137575486,0.029403652177148777,-0.07275583474419811,0.025397105559146187,-0.025770325581903418,0.06800725121951438,0.1098849858017663,-0.03135542570561667,-0.043636650102203356,0.01691534158466909,0.051595689280749764,0.04292903844110342,-0.00020990847639925167,0.00044568033429968104,0.014407792800623232,0.06392711328276436,0.024509472489258124,-0.04084500439379484,0.06757895617797724,5.3018575582719365e-05,-9.616526083759914e-05
2019-06-30,-0.02934280586977603,-0.036369514751378014,-0.05973195576294619,0.06177955257393992,-0.003040985939453421,0.05639886341916233,-0.001266741091167169,-0.01670393857922874,-0.017137116131429545,0.1916282964251394,-0.08958584391483054,0.024141140488219137,0.047391115770341004,-0.008681933190394233,-0.032546972338723196,-0.03288215700106372,-0.007192290033875925,0.14755831814441744,-0.10889308525507033,0.05207736559952441,0.010280302765935848,-0.0001152360282334546
2019-07-31,0.0017366900720953583,-0.05442299506404004,-0.0014741907128052367,-0.012186695943230937,-0.018643482550024314,0.10218235228615297,-0.06378141585812105,0.01929506841988444,0.030630703163199564,0.1451404514817948,-0.0015692232422846145,0.04890992268734488,-0.0036631620386189333,0.054564101542157115,0.030791907184894947,0.012022451295481323,-0.06661484664408844,-0.01930838383876427,-0.049626893009226326,-0.012695671190178332,0.04449887003737045,4.4033649253711865e-05
2019-08-31,0.03193623325724574,-0.03804814700146924,-0.04424778048367503,0.0642845620391545,0.019356089477180993,-0.02445922912962671,-0.011772903839476025,-0.020562849203146476,-0.03561897808831883,-0.011796021883618883,0.13531861325063257,0.007578101396565716,-0.07692313757872976,-0.011601351370646452,-0.02334953537516937,-0.050572598391050556,0.06779063064335657,0.038511754144262035,-0.0008069098961806425,-0.03398656526580273,0.06896824428417538,0.00024876789325757777
2019-09-30,0.02972953523843693,-0.011897812728284312,-0.018943799861668702,0.025616623610963344,0.007954601097768351,-0.022254939266154947,0.018379676580018597,-0.0015622695097748135,0.025984079207266062,-0.008381044854840383,0.05566709545433742,0.040240606238235006,0.0257134765405038,-0.036899794625679654,0.09131882866342002,0.024223502385594554,0.03488008931239155,0.07800369314370205,0.0855492686851141,0.037874203723051225,0.005229398991715914,-0.00018284211718936483
2019-10-31,0.04384433063630452,0.04818832558379254,0.059612861506588906,-0.00159180555707971,-0.04379671125420161,0.02555240746423023,-0.005193923065544763,-0.005862109399009322,-0.04827135885805951,-0.06408153010013701,0.011462114542142821,-0.018080009031869917,0.023404081529054977,-0.02769607338884323,-0.009002029873849102,0.04134556887581273,-0.07559254345016686,0.01869240914485008,-0.07028644359815524,-0.04333223236123478,0.042991169632766994,-0.00025027358664448605
2019-11-30,-0.0054208435941488515,-0.059594124509880775,0.025794555164501298,0.023786850965817057,-0.0001414446479556805,-0.010671954060268714,-0.026321778369651546,0.021425458924439526,-0.0023859439965770064,-0.11788939090173595,-0.0296540490148068,0.14764831971254827,0.014230528717745236,0.05963595852464178,0.007100054559172142,-0.02291508885053999,0.10217924157280837,0.15558414655257127,-0.002916707821106614,-0.006277111940410384,-0.02707989349350735,0.0002480775187420918
2019-12-31,-0.02636936639018624,0.00563519512039591,-0.025936285232330332,0.10851591242187648,0.010297254562809445,0.06683266878254313,0.02038410115254544,0.06565880444958198,0.011486259408858748,0.009110198029020541,-0.026649763092761306,-0.08998093069142882,0.039296471861144905,0.023486444617088657,-0.034965744512143994,-0.035490092268691965,0.03681587287592592,-0.010401639758334396,0.050838608970490286,-0.0009627480129493516,0.04071130027883352,-3.7262329180067424e-05
2020-01-31,-0.004210464490970132,-0.0191102102213814,-0.03812081839118822,0.11517731769782855,-0.02644930857778307,-0.1404711946679905,-0.02216512136011601,0.09540049021228542,0.1147588108882133,-0.053350676717958644,-0.14380771270997142,0.0870284174039376,-0.04075140295526574,-0.021759080270180798,0.057371155395211815,-0.07171752839320006,-0.0022830503924302276,0.032510110472365995,-0.16543895349461538,0.07242722139229425,-0.02986154757880475,4.888130749276706e-06
2020-02-29,-0.10789228442240659,-0.011587758051397333,0.0023862860312155692,0.009011970200916259,0.00801374468965499,-0.04826190304133319,-0.029142415948415434,0.012868300338256726,-0.05426568371968884,0.011381099618035398,0.01740123819502144,0.09372180649605445,0.07760935029784087,-0.014437579860502397,0.03932510784744438,-0.004544849762491065,0.0912522406092701,-0.03611748035186886,0.07621676844576372,-0.01127356183371802,0.055708757948919184,-0.00028802874705469985
2020-03-31,-0.09239937647441154,0.05236327763688627,-0.04597230241897389,0.013814132282322858,-0.04400848715084696,-0.0453962021151338,0.02367675913767041,0.030138013761398935,0.07172867326330878,-0.09605754826617856,0.05710459914619525,-0.04519330617213785,-0.03309087047309112,-0.07974601631509513,0.014018884878220342,-0.01574902270870639,0.0076229189896572895,-0.00878115859709443,-0.0806083847081984,-0.1008596276412229,0.10743846178489953,-5.246252953706311e-05
2020-04-30,-0.08437547651008398,0.030028888442178547,-0.0248606052156532,0.062256426395774236,0.04427357525802483,-0.14490858047965846,-0.016432702775396914,-0.07723436212678157,0.013263624569205915,-0.036626967067504804,-0.10641857794963497,0.14761964705899086,0.03063431043917198,0.01623172802783712,-0.03654891592946315,-0.05021059045724069,-0.0033284430201740013,0.02791686876628967,0.02655671723641543,0.025649064675341244,-0.0003054799133866003,8.18198740071032e-05
2020-05-31,-0.06338568022594115,0.0684487370992362,0.013194406842828077,-0.03937705104685007,0.04148258914351217,-0.05712217776415707,0.01989047100963042,-0.0116547397618889,0.024819337756267414,0.027934656572363045,-0.044672621043278425,0.07041873044356893,-0.06023909361830704,-0.08920016595031761,0.011365497383935575,0.021029849042740238,-0.040277989111899615,0.06442613771217721,0.02051985251558018,-0.026071310626766233,-0.0959359126368762,0.00026940890485791175
2020-06-30,0.026713986173288615,-0.0032639620690740707,0.04583632054666712,0.022956315678210916,-0.005978515143134465,-0.053985128965920975,0.021526434508635284,0.051776612611913846,0.011870971193746603,0.04336124966356541,-0.07817607848874779,0.0688950100338875,-0.032003215945446514,0.0340625405123566,-0.02961552568201991,-0.01107001016824089,0.03231875571856756,0.032204870136951204,0.07981148948356792,0.005802086053503382,-0.019981071110222376,-7.091269991359445e-05
2020-07-31,-0.05746719700798565,-0.029289704613358475,0.024680857382110285,0.003975302730304002,0.013505211954351578,-0.007782433120199085,-0.05789092430369759,0.047191487659511255,0.026303099813419457,0.046995749563038085,-0.06520058468564688,0.009881825681043597,0.05924548317634031,0.0034789088922125145,0.049872779539040415,-0.03331500300867719,0.02616763028950504,0.08965575455713819,0.04204854429629022,0.0002437325412242474,0.062231208564528184,0.0004148085573798326
2020-08-31,-0.023458374657945837,-0.006597622550161239,-0.08757210831667768,0.02194298726987519,-0.07421912583999372,0.07724449428373821,-0.020888007108919335,0.006821681662403132,-0.00015804000503234867,-0.07622563068942105,0.0036121914568285705,-0.0054639782600433475,-0.007038840510140215,0.11431126443860223,0.02977877118197504,-0.014788449399045143,-0.0008291725463072012,0.006898896727991814,-0.16515754409153188,-0.0077927800756294,0.03087885588305801,-5.35778715026268e-05
2020-09-30,0.08472349969728708,0.01581911754470701,0.01289857738337169,-0.038727016714508074,-0.03456746526846088,-0.010626605641114563,0.08699800684907497,0.04845160079498158,0.0709343072318455,0.07799419322577651,-0.14078217332314336,-0.004974828245608366,0.03401701086553283,-0.056824960082492694,0.007820596777572955,0.04300894683592418,-0.04785742356653154,-0.007598171963153506,-0.05246840068650699,0.037935775606415895,0.016830159989332277,-5.328502698370161e-05
2020-10-31,-0.022046044460901082,0.012650315811007543,0.0039056024526167607,-0.0787161184562857,-0.007283655484246197,-0.061468753618928645,-0.05916432212175959,0.0240439015711696,-0.01354691718789935,-0.03933798614913781,0.04148831218251432,0.032564885868333726,0.011528976656919676,-0.00787182952721468,-0.07006883975805131,0.026359207400033193,0.005906527939604382,0.17796140001072627,0.012843740197543358,-0.061906686336391376,0.051921729080020025,0.0003908048437128938
2020-11-30,0.048496322327868595,-0.047961466629848945,0.017137931827350947,-0.10427999424535982,-0.031903681989213235,0.0015447991619015008,-0.11282993728109701,0.0678180042922014,0.056703962695125,0.06226660756312956,0.05091596881241991,0.09580414598253208,-0.001222899864282285,0.08542132244763492,-0.02536959258802556,0.00030351272910284497,-0.0057664927308758015,0.036797348098374386,-0.010733069144919937,-0.018249320708686047,0.02770927921812665,0.00012562536380611677
2020-12-31,-0.05928197330361328,0.008512458059517596,0.06367639575158161,-0.053746240100243065,0.024605821422880807,0.07311681579295441,-0.09850471556777786,0.01161832940852842,-0.02185547773713408,0.01664271798003426,-0.016959667781142718,0.019473692442010217,0.053557218301321124,0.05563651001170965,0.026042954854761227,0.02693395730559643,-0.07962125198055006,-0.03126945019365083,0.036860730034603495,0.03336729454309735,0.06157765051524542,-2.7071612468981997e-05
2021-01-31,-0.012318625199120376,0.015133262417919707,-0.07874487484066296,-0.018912571669680654,0.0651850810890722,-0.0579193673496715,0.007803615835308509,-0.02817763699340961,0.003973479454050353,-0.0801888337698814,-0.16754901859078702,-0.04890290584382104,-0.006134757526384382,-0.03700155557645131,0.04219796821024776,-0.03634287723225596,-0.08770633539431018,-0.02972822345928875,0.058921168912730644,-0.02242104073060287,0.04779969391024954,5.230670709721464e-05
2021-02-28,-0.06033995929563942,0.12517252245673452,-0.021762599668622446,-0.010161505900637968,-0.03520853021946129,-0.05368870037965079,0.007905222896946939,0.014485981001933108,-0.04076329372043531,-0.005021408206480929,-0.06729890360771212,0.0597148757788934,-0.06372214667410694,0.008158208469050231,0.03900728617234756,0.006076443679709785,0.031342906023744614,-0.04491058917541623,0.04611929006955349,-0.06517037501710567,0.07561766661442602,0.0003539480488417452
2021-03-31,-0.020934752758497845,0.09437880389862252,0.023989733850183322,0.10778712814354766,-0.02448087508243362,0.0413709497479666,-0.00044493731353379855,-0.1870324390342986,0.026758417893286948,0.04330127851763166,0.0832711736369531,0.06576711922948278,-0.02726575532222249,-0.002735346509792243,-0.044092637055540305,0.010162816632895656,-0.15375294788085858,0.06994285103995099,-0.012098424265007119,0.032701913061083734,0.021905414583530094,0.00037657389725846967
2021-04-30,0.05512584029087604,-0.0368508226073303,-0.06010177028808163,0.06382982801539201,0.009456270274157186,-0.009104450704626234,0.07442807713755528,0.01738832785225627,0.07053968749887811,0.06085622747227286,-0.18762793512962636,0.04909209547526214,0.023248614757887354,0.01100411438261718,0.014161521459525938,-0.011776220067187143,0.010317950628291628,-0.00956666400949957,-0.12758625966784992,0.05223626861462794,0.04714547406445128,-8.002530252071786e-05
2021-05-31,-0.11047114626525566,-0.009651114740651402,0.058247293919838274,-0.04553407635737103,0.052969855099921324,0.04712553575733183,-0.1440980335349769,-0.23131729753154712,0.0032171439917112275,0.007400962018448745,-0.023472006652933412,0.05477614314829691,0.017442335342442286,-0.03712269678827868,0.03612607072271779,0.020405603415366076,-0.029628422337485638,0.020486828626408184,-0.029166644118078216,0.002036246616643275,-0.008852258532386673,7.484657131751169e-05
2021-06-30,0.028948670387218777,-0.06618179736745808,0.015375449088118536,0.023730402797798634,-0.036655946496184755,0.004347026847864775,0.028426231196524782,-0.1125600927566979,-0.002068324416205075,0.12600007858985499,-0.07969818766405004,-0.008824245306110073,-0.055752824610685446,-0.0072170578109088815,-0.046133002444315487,-0.02281745835136916,0.07477254442950522,0.00882142128972284,0.03252708775362224,-0.08029965652078135,-0.022446951583514892,0.00010136469886684795
2021-07-31,0.016263445033457002,-0.02423124921731376,0.033886310196631936,-0.016184030004518783,0.009886062913524703,0.05063118489418595,0.09395016685101046,0.021637964947061984,-0.04264942647434049,0.08882948417275617,0.05434131574719874,-0.05000077452828553,-0.024323221695123985,-0.08126128654429648,0.004641307560907995,0.023049070058602135,-0.03052759829129885,0.05740923277645219,-0.0740980537339124,0.034309840649011235,0.08416555386453627,-0.00011391468876998619
2021-08-31,-0.037388295596161365,0.019333276623555183,-0.02098227088315227,-0.00969467920130127,0.05961811929403161,-0.06174468119413705,-0.057236067636654245,0.02322723945510426,-0.0035013255497205733,-0.0007997695379722457,-0.04559773131881963,-0.04619663284612194,-0.019004077192474607,0.003798001462423859,0.013309046292845671,0.024543457832488177,0.03685601517211404,-0.0390473121053089,0.04773428878170776,-0.06736564791649458,0.015319399579330121,7.219632280333448e-05
2021-09-30,-0.09233135979506026,0.06212566836271529,0.032615927168302646,0.015143317762808292,-0.050237767439838696,0.0044481051730624645,-0.01518541567388277,-0.07794780450666607,-0.06379391880111177,0.0705806144839538,0.027283374672051212,-0.09420662933516404,-0.010938834615908609,0.01925225200132128,-0.0043683193203334905,-0.0987747589974828,-0.02488453611997127,-0.053032527174001975,0.06734372894087838,0.017240976873818058,0.042509174242624764,8.439790542367343e-05
2021-10-31,0.005582822982268112,-0.030882734134855934,0.042474965349680587,0.03808582061618484,-0.03851251775488511,-0.008402653775774973,-0.03616004744955397,-0.05016549283838784,-0.03372874314772419,0.15450290164180935,0.03819164480727604,0.02295487596238305,-0.048623966568976454,-0.013994560287128182,-0.05209592717551446,0.04723925312364932,0.004960798140471703,0.026411161844351303,0.012041430788306193,-0.0341698239543843,0.011048639783728876,0.00031137522912068046
2021-11-30,-0.03321828231404916,-0.027280649936185918,0.01013144686039352,-0.012597603544368256,-0.011390219672401936,-0.0734441730666799,-0.04411251147656473,0.07832041050895508,0.016665990282467832,0.156395300960397,0.12402014832436956,0.0029068075502937975,-0.020743908721946615,-0.0820955248175466,-0.00513538107625363,-0.10341285997927578,0.04137682496534873,0.049431484160275645,-0.21373484603644718,-0.045875476798328305,-0.021756664182072265,0.0003248183389955735
2021-12-31,0.015937143981764573,-0.09905289577640485,0.010190393052216773,0.06160129437408353,-0.014457839718372757,-0.09593478951197974,-0.012175176472153472,-0.03609489840871425,0.06496311519492404,-0.06966815595573465,-0.013706859696275619,-0.019402726804477754,-0.024482398113763626,0.04568083335996824,-0.005184829111754662,-0.016973847606652204,-0.02872093617262556,0.03302612398751664,-0.08737589779541804,-0.015021629854331774,0.005840611412447745,1.749145366153172e-05
2022-01-31,0.0023402279284808203,-0.0036562078253684293,0.011581622042603166,-0.05504470430741433,0.027712125996960053,0.049601429960244754,0.08641941627254662,0.13214069744118934,0.13085807357439458,-0.04829417076338049,0.025398334719000222,-0.1768120741103223,0.031466388051654734,0.015056371950734896,0.00032914447065136355,0.04137526458280869,0.05655590850045353,-0.03676824959068059,0.13653443538583462,-0.003907457989782691,0.0716590559503639,0.0007905427045611711
2022-02-28,0.1042362389376786,-0.046905238667919506,-0.03230032954946746,0.005678195752252369,0.009652740799050378,-0.01747832951005997,0.10946382013308684,-0.006351743328447822,-0.01930041749642821,0.12267769858995782,-0.10030182388587985,-0.06991937465245228,0.03286825760417435,-0.03846420341851498,-0.012450304061427631,-0.006353312572686814,-0.05976322146530634,0.05410847069383788,-0.035609979447296124,-0.023715632174226668,0.030978773841340797,0.0009661917937444605
2022-03-31,-0.014506141805896664,-0.021286244287626682,-0.004593046112814672,0.14271247955517927,-0.054134784158498116,-0.0609165975200924,-0.01271922382300683,0.01893995096741635,0.07010520104353625,-0.057635095851010745,0.08040147540279588,0.0782622173236904,-0.0027465116658232777,-0.016604532589517145,-0.00874446222812035,-0.04719489398830746,0.015530157619640661,-0.032759436559877085,-0.13733769096231785,0.02927017751217646,-0.07371622582516267,0.0007162956435479311
2022-04-30,-0.06507869419575378,-0.03798606302721796,-0.004786344342661692,0.017139819872340655,0.01831171627325153,-0.0009932151450002605,0.11326838480357841,0.09351762396811655,0.01741622799183064,-0.07637112800332077,-0.051365370260595886,-0.03345890825385048,-0.01192978667725627,-0.0764820101577582,0.0036629493466498802,-0.03395491422112234,0.052235981168953796,-0.01917184104388904,0.09047254995458066,-0.015200383256615428,-0.004608382262332078,0.000951061363680814
2022-05-31,0.012493119924914321,-0.00036820086890263176,0.01595749957797274,0.08113385081553944,-0.016259233440548894,0.0782184963451781,0.008167160193237908,0.0018502438612251562,-5.0258217374401023e-05,-0.017074149868952497,-0.03787378060963091,0.030691532653463152,0.007910142809434318,-0.053157650956983646,0.018496278107588363,0.04143063882353341,0.03688835114628895,-0.044988427977429246,0.004009147965799629,0.046094813051930666,0.0876539574127785,0.0008157520358594904
2022-06-30,0.015119388813532886,-0.08032752949119928,0.03981781756769756,0.010182721300340435,0.042320719950775805,-0.14234508720268776,0.10475850229183511,-0.06807158483375846,0.02576661945036932,0.04719106130977543,-0.0015026336942818219,-0.07889026743345452,-0.027763092949642913,-0.02922770424816091,-0.004480983561318939,-0.06338076009849906,0.11031832784006321,0.09222531284372273,0.08125178437579102,0.01605371255135107,-0.0045415207259442165,0.0006394536177856092
2022-07-31,0.08859052151449817,-0.06635499775968316,-0.0398556271139387,0.036055477978031415,-0.017842316339322907,-0.09160995569595771,0.0009218799253089055,-0.013002790330010188,0.009375633291246584,0.010137076324985391,-0.10555844718500532,0.09815181686718354,-0.040080230503369806,0.057453893495880065,-0.007718066898073215,0.04505961438143238,-0.04630589792363644,0.0514154688690157,0.022662206648775066,-0.026008365736309623,-0.07782721525409983,0.000641965990757404
2022-08-31,0.05479067125897691,0.10651126496402306,-0.0037213726467887347,0.002340181035037609,-0.018127871926190378,-0.0544853196700786,0.013535062847201716,-0.008430257733081916,0.011519333893968678,-0.028727941903684835,0.015451309041652931,-0.0008837646790438445,-0.032374550561154465,-0.03421845750482715,0.007725688990791551,0.002966943045915716,-0.0822906960458687,0.04967803433027067,0.03551260281455603,-0.03324480751135898,0.09276951602035946,0.0011227450725395539
2022-09-30,0.02394698343276868,-0.057720911439555274,0.058460435314737914,-0.0036684741489836654,0.01912530075786113,0.09977561290414294,0.026713822382625957,-0.09042922918916692,-0.011418306763647561,-0.03040464406468247,0.06534343873770247,0.026276962077672078,-0.020984169168003306,0.028586377086464092,-0.05421109611210241,-0.03746206220574847,-0.059800464071945544,0.0889282567739632,0.028751309841628575,-0.0668331052238051,0.03685169327200535,0.0008020490375046736
2022-10-31,0.09530534890219466,-0.04855738886157298,-0.027664865367983068,-0.035877409677392925,0.026140868102917353,0.02351483159814277,0.18488026911615296,-0.022016521326464422,-0.05518517250969668,-0.0331076772853142,0.019784982573113306,0.1536582808212313,-0.04070089362575851,-0.02925248115431243,0.019560122705630945,-0.015803096799138883,0.03691202549777964,0.18460258945476943,0.05241968854901152,0.016464565217186936,0.0020995779027488874,0.0011614041521129956
2022-11-30,-0.07573735387052556,0.09245940013723855,-0.030709645995009985,0.02809805933655028,0.016182608762066758,0.05487930022454204,0.05402582342227125,-0.05202185875016798,-0.06161971529972427,-0.04496020722330161,-0.1073154005994426,0.10301586685539427,0.008735690498821532,0.009335084446072171,0.004867160949978924,-0.031235006023167203,0.027413662981346548,-0.09175933261856466,0.1642194178215931,-0.011268844954251732,-0.011821717059369364,0.0007306060811903514
2022-12-31,-0.04032932992562271,0.14380331480520706,0.008948095803162633,-0.039687792417861065,-0.05130809856722095,-0.06854406351451119,-0.033594903830765334,0.050793727006826904,0.03552354724590797,0.17916470441382584,-0.008362177851150123,-0.011054172489824016,0.029906775392125582,-0.009772754014451905,0.006105626678244578,0.03571869538012647,0.004289184669502403,-0.03242425163233431,0.07177434738719367,-0.09797789910214752,0.05532502757518689,0.000891574373559632
2023-01-31,-0.05882782245373272,-0.05215195777181948,0.03380120089974653,0.04054027996858675,0.019027334512241617,-0.06720952016619465,0.060643536192976744,-0.004097966794414059,-0.0055976320557541365,0.038490526127832506,0.050117220124740375,-0.0289908673416515,-0.056500230655875096,0.04001363936913894,0.034440775932657576,0.030962406256162242,-0.06731769631255421,-0.024955704209213635,-0.10876375382684109,-0.01905300284090199,-0.01969980762801874,0.004228535344603648
2023-02-28,-0.024209553930874917,-0.013538155015068921,0.0015596527961093684,0.06273483939801008,-0.030707244845334873,0.03420582649270291,-0.014174929882966104,-0.023680009715901153,-0.019720666086186722,0.08026819098267675,-0.12684084945718666,-0.012241760528954303,0.0036287700779902335,-0.029080472471508165,-0.05519246421597237,-0.05618776710350467,0.04313195487799744,-0.03929639485925622,0.03467070438771884,-0.03475301930704348,0.05836902579677518,0.003538522651067344
2023-03-31,-0.0878572914739197,0.020580665236664897,0.05255777659753759,0.024725793383118765,0.0094508216421706,0.009000682695351623,-0.02136638116866958,-0.012784054103462356,0.007013861908554673,-0.01727857840807613,-0.07259054826679832,0.040034019187389844,-0.005511061831731071,-0.08000863583868369,-0.05583907814220046,-0.00942133505035381,-0.07326428133355337,-0.05315543042347557,0.08383744445870461,0.07168654880195588,0.030376260866632955,0.0033704371000200448
2023-04-30,0.04189440445881624,0.0872576886075126,0.03428151097741972,-0.009794355754310119,-0.04302514472320876,0.04073618466712896,0.05724808156685725,0.007531916875389512,0.04178881228672247,0.0042126768439905106,0.05920244963274836,0.0015442692333331,0.01542835634366521,-0.07065555556119155,0.013307860238324608,-0.0257591706093101,0.06604696930071438,-0.005610935270128327,0.08816949154078024,-0.0692089270403128,0.01663470737700993,0.004007318026257447
2023-05-31,-0.013401168257801367,-0.04327335545222481,0.03370191204832434,0.0293494644646998,0.016126393840564437,-0.006913207992073939,0.007914685166810263,0.03182023456228333,0.0146132541753904,-0.03319395666218194,0.01824245966161089,-0.016603010086995693,0.002209019959124435,-0.028936487827068896,0.0046655393550439385,0.05090800420246362,0.16531413175639542,-0.06165189719116165,-0.027123304287139858,-0.05797376216395354,0.012054374295859892,0.0035846381789213853
2023-06-30,-0.09392748906690473,-0.007627190543267347,0.02256570144704184,-0.010980192900772833,-0.023504603740960636,0.02322733071323439,0.021828438950133502,-0.06790922237849972,-0.022372300569390817,-0.17060904390127035,0.02782488712188985,0.09993361709801593,-0.051521302338807744,-0.06413374241981028,0.010119854018347198,-0.04306818654066066,0.019729873135617183,0.03317953013329963,0.08549777915388469,0.05167220698897179,-0.0027480941143875524,0.003745858727178753
2023-07-31,-0.06456800309010889,0.0415277970485331,0.09121440601536444,0.054816334175167895,-0.038562034110356955,0.015461136947314939,0.006953313124709384,-0.07049266996217887,0.06086312454045275,-0.08030381776655209,0.12559175285527263,0.0009820078523910185,-0.044390008168277435,0.017298557499569652,-0.00933251888866744,0.061953586153913116,0.032392261028090376,0.015862488177808585,0.06871290844868917,0.06227844586359511,0.053629381723596714,0.003632816357909683
2023-08-31,0.021150697508504856,0.025061100431327792,-0.006823860737508869,-0.09150496374058857,0.024587591086041905,0.0555554770332919,0.02508956869753378,0.06191842053925213,0.07646765828028036,-0.1109758118536361,0.03164642596287536,0.15201946311934258,0.003788949693433571,-0.025692031970672376,0.02532284146603336,0.0037421607544480704,-0.030492038365017713,0.04210172514220021,0.1851003378575431,-0.02804654184104066,-0.034635140031091236,0.003803632556191063
2023-09-30,0.05498514184596299,-0.013918233492200834,-0.07643343396227244,-0.012404526192803201,0.009652260068352576,0.05744750884362669,0.030058393654135387,-0.031671877728293094,0.028506522301611097,-0.14211260451392,0.04443427756508625,0.013806396928988572,0.041060598185011225,0.11370539507420846,0.03357643941321902,-0.036379223739040116,-0.10748397728066925,0.04373352696002465,-0.050007477457690984,-0.023194656722493216,-0.0695801793531338,0.0035598927585628513
2023-10-31,0.12970832711198296,-0.0022697871679021107,0.06321363832083232,-0.09993462554261272,-0.017411796789175843,-0.09958376597954817,-0.10272801575480799,-0.09364349685336704,0.049692118756608054,-0.06735391663346409,0.18308590102656855,0.11984025592120928,-0.07988790427997407,-0.08811550687019118,0.01977384723348199,-0.019150306750429155,-0.03691271650935101,0.049556624723613184,-0.03284055509811942,0.030453402381672177,0.033713106961563495,0.0037140119824233386
2023-11-30,0.18885793594158048,-0.06192556677722923,-0.01659889941373431,-0.0737184417498521,0.04791089729929291,-0.14017945697681627,0.04364137756612032,0.02114713675481742,0.06155590446541351,0.11133631893585949,-0.014440529281903362,0.030486779456046924,0.015585665311603467,0.0071602619413802665,-0.0031397134575651985,-0.023570565872998602,-0.06556075195845477,-0.010118647928067255,-0.018597488969607414,-0.0960398575060822,0.0344889828239235,0.0038399630653113068
2023-12-31,0.02765787118059558,-0.007285711198689944,0.0052931358510915315,0.07746638180371998,-0.01192939383374147,0.07004797283562432,-0.04904145456623808,0.0223536859296311,0.05660954395199244,0.014246476846007305,-0.05388963413344231,0.06838326493714311,0.04705926566702773,-0.058190161544856234,-0.05995704572016361,-0.04038496449748481,-0.08625645985614278,0.14234006124829365,-0.03162497677279433,-0.07601699939114127,0.027514722027621705,0.0035483382227451477
2024-01-31,-0.0628885137886555,-0.008641887045829185,0.05180647274829513,0.05268191383081086,0.00302442482493862,0.08208178800883129,-0.07491809677869869,-0.1006687509243325,0.033792565684255774,0.10889793301756114,0.028893707742965426,-0.037212323340505976,-0.0030156151345302486,-0.027048188800622732,0.028549476280300704,0.008296684307221044,0.09897515013725436,0.027030506429973476,-0.05991549082161118,-0.008094876948473672,0.024165500049751088,0.003193316527404156
2024-02-29,-0.1365735909166885,0.015322724950484898,-0.0609016608579663,-0.03270439092099671,0.010514800241042638,-0.06080936438290204,0.00288322839803742,0.007924269962057072,0.03309602321968411,0.046535652579433505,0.029649802001415725,-0.04529344825333308,0.02321172071516693,0.00410699209992016,0.042470077412817574,-0.03872475078188263,0.014260141824527221,-0.10112598946659383,-0.19242812522584196,0.07057832130751043,-0.009471792564212886,0.003263856766613627
2024-03-31,0.018196712237061527,-0.02253061635582311,-0.047330425810284335,-0.07411202074683361,-0.017591749073764856,-0.11511059723235556,0.010888432859613212,0.03914752409277432,0.02961659090114035,0.07288039780227636,-0.03557477496531781,0.03689336152445491,-0.02352981568575222,-0.11695601254416542,0.024713854630569326,-0.07258289008400477,0.020503468591112725,-0.0485589990441217,-0.027696085937717174,-0.014756040207661423,0.041705601442065934,0.0030475702464880777
2024-04-30,-0.05149904119248482,0.026828675210786752,-0.06086366567990105,-0.15142646563966403,0.016911287152867445,0.011638089979425717,-0.03282141700052025,0.01686397574113065,-0.041885354683189435,-0.04647657089580407,-0.06972891281916317,0.06998466242557128,-0.0017602567242669853,0.008789275937286413,-0.022177074813380236,-0.008571170977800626,-0.019747771472894648,-0.09367087139715477,0.029200563928034915,0.008307844348378127,0.0032290935936925918,0.0032488211367735845
2024-05-31,-0.02585721510826205,0.052841937539712634,-0.02962144124164513,-0.0233980125779199,-0.014864737302820206,0.06545992470977804,0.052887171913315226,0.03275596006431807,0.03762298609085422,0.0545451072404547,0.15600872269390806,0.010647357447491563,-0.05776139004801855,0.09055575963085935,0.025613278327870213,-0.05916299638441449,-0.011790491342928212,0.013762294053089916,-0.03183724096484897,0.05269588332259346,-0.017165478303671485,0.0033570926413139138
2024-06-30,-0.038545761759552974,0.011633966410709287,0.01813450080743658,0.13333873045830255,-0.011011652289202983,0.12154338604167626,-0.0692891888797741,-0.09286782260999073,-0.05331490206639969,0.06906281782257688,0.02207526699566224,-0.07236444953562042,-0.08474215023644945,-0.025086917562550704,0.03135805435815019,-0.021812411878183297,0.05468544207837887,0.005258530841137917,0.14001535721634392,0.09451579472092622,-0.009072309313751529,0.0032534235450156477
2024-07-31,-0.008149293954221993,0.02107099915009764,0.021407245716608674,0.028340411720313045,0.04511041893858305,0.038637073975238224,-0.016711054427966873,0.014189783376903733,-0.028498592069434895,-0.023487276388300938,-0.049459134956191406,-0.0769863697604177,0.03785261129105335,0.009917153681959839,0.05284033151338258,-0.02739145657595101,-0.0035770680485668078,-0.015925755084957378,0.004010578854642939,-0.020820767251269422,0.098662683255211,0.0032790580347469888
2024-08-31,0.06968036705460953,0.006717869788123365,0.011811192355001365,-0.024248180564907167,-0.03090582354721037,-0.018821884356084024,-0.02671419118168045,-0.02490302577626691,0.0642800152921814,0.05706839582872845,0.06186265844086049,-0.08117109616831918,-0.034044414017382535,0.047466741636156,-0.022068399925399208,-0.026044639181727593,0.029328944657355194,0.13560394850691224,0.09441976745721226,0.003246390276491222,-0.0748017793071861,0.0033293529991520166
2024-09-30,0.01105960440160001,0.004166859845250842,-0.053566884628611026,0.0299372254394067,-0.0743095384492891,-0.052559969481891226,0.0035479649089761715,-0.03601839992617412,0.04379139557018224,0.05753969544146552,-0.007371750028042697,-0.10247614088431556,-0.014297612625118467,-0.010879835713117505,-0.0020822262470272966,0.07605686260148768,-0.013142498254177227,0.0462548595026731,0.021562689457986894,0.08227491452606525,0.02841755705756951,0.0032021846408468706
2024-10-31,-0.009300124139162003,-0.030520984444652906,-0.0883003435209161,-0.07720321736044132,0.052964188317143335,0.0059709981993591316,0.021844650941590764,0.04747447476016392,0.07240892516850309,-0.021566264995890618,-0.01707981327908431,0.014979180654624715,-0.049016639611215364,-0.031345325401295886,0.02787376497992164,0.006931080413867213,-0.021684065183912964,0.057079566666506855,0.06154224356997415,-0.06144831961162305,-0.07222145525767953,0.003471545846506709
2024-11-30,-0.06586270169918192,0.019376021402377826,0.003221258942130584,-0.010380001403942225,0.08264632169342578,-0.014133878570151743,-0.05049604848022939,0.08502858113708348,-0.005375400655138305,-0.06220724931714689,0.037976355339742716,0.07852522648668978,-0.0498941103622763,-0.11452007082357045,0.006650663285404837,0.01364829463356337,-0.083913399820896,-0.04420124313847154,0.022823747515551954,0.04813146207394969,0.00033424957204849826,0.003620528958293689
2024-12-31,-0.10707633754910753,-0.0005135603559680756,-0.017143765834501456,0.010603516890661217,-0.010810193408013362,-0.06044992077627794,0.046885798729973505,0.10446798338187722,-0.04431346817100273,-0.0665576644142856,-0.08725475214272892,0.007288947742034505,-0.003791804941879658,0.02862451296104501,-0.029489286215068924,-0.05822245919350281,-0.11727550328170853,-0.04836154000951382,0.09992190087405976,-0.03979332857430649,-0.014695062289209925,0.0032404572548942437
