Date,Mgr_01,Mgr_02,Mgr_03,Mgr_04,Mgr_05,Mgr_06,Mgr_07,Mgr_08,Mgr_09,Mgr_10,Mgr_11,Mgr_12,Mgr_13,Mgr_14,Mgr_15,Mgr_16,Mgr_17,Mgr_18,Mgr_19,Mgr_20,SPX,RF
2015-01-31,0.018547234460089886,0.00422914632371831,0.008405632054054488,-0.05360343194404077,0.003758904226743024,-0.02038263082198578,0.09935531079339315,0.015997289487270118,0.038403093936126884,-0.017753680336423147,-0.02895697059874957,-0.07040123770635011,0.0024767213760417705,-0.019684841604496597,0.005585210187065497,0.03949429996501081,-0.0404740467437965,0.042146682390562344,0.007585810262474121,0.038023515272280026,-0.009130007837477506,0.0022412162176485735
2015-02-28,-0.03531256835807459,-0.06423486239222473,0.027339901782584174,-0.029969042403259493,-0.05214735387050755,-0.024601676921408713,0.0678594175893732,0.002344754034070486,0.0346360612087811,-0.02564666998746624,0.07117498632150764,0.05693577351365757,-0.01852570347138436,-0.014633937324622716,-0.015686153462958246,0.055553501088242495,0.007550770872179877,0.02635521003162563,-0.003095161154419828,-0.007513868782401202,-0.015169475989612435,0.000456759325283681
2015-03-31,0.03851147012797346,-0.05266585768206152,0.0035569770237643293,0.0717046279752727,-0.010823023178315919,-0.031052464943454886,-0.008816744787177899,0.03901692551487433,-0.06582577776225167,-0.0331019830421575,-0.05909810401812201,-0.02816697050196726,-0.019832548760846346,-0.039382697684521295,0.03653127926005143,-0.021733054137242375,-0.00748276403133365,0.0036022172087455755,-0.07503932000496989,0.0350359372868969,0.049091712935256354,0.0009711625745505928
2015-04-30,0.047274484696881953,0.09434044464220474,0.001175078126048306,0.02621687444809423,-0.028915736455211886,0.09736102623636678,-0.020814406807974025,-0.021245741305857126,-0.01083398965340566,-0.0036281553252645923,-0.04841679939292212,0.009634974839108041,-0.043231204784767024,0.060017141787196554,0.0006114779720300103,0.01907756891219768,0.025447792334100626,0.0363100464019496,0.053261238868836915,0.009478642062929655,-0.012574408205076482,-1.3819745530129586e-05
2015-05-31,-0.06818751813293197,-0.04362182261533682,-0.021654492160057277,0.04414490636504177,0.03724805527481762,0.014723909597277198,-0.011129008364369735,-0.062207091635126895,-0.02345172623029995,-0.03876646214317268,0.05630142677334455,-0.011573320771335417,0.04624220002518666,0.0507434869614719,-0.02491040752894056,-0.008870258990400755,-0.03928631472454366,0.02733071263635624,0.003623748297750285,0.056506800617353345,0.02774239960820274,0.001177541137638397
2015-06-30,-0.03981843382514305,-0.03744914560496506,0.02400288704096264,-0.030262873602731555,0.0005212400182242624,0.03662803003487162,0.022390002506650433,-0.05459843814839307,0.06360012962481276,0.024364696310079693,0.06501660989572941,0.021950672183009452,0.010779955313317668,0.029421639474053178,0.00279959995827589,0.013143992396751791,0.03730626438245916,-0.012778034450046346,-0.010839512586802432,-0.005669821159891377,-0.014512613580195854,0.005278759092034708
2015-07-31,0.014493087721084453,0.08049512798191225,-0.025557362396443083,-0.03020818624749881,-0.012102855798836349,-0.016168610521449325,-0.00282250723854915,-0.020255504313735673,-0.040926889237479704,0.017385799680744444,-0.0217229559932572,-0.025577939613528625,-0.031176785268222863,0.08751008562860894,0.02632252321761345,-0.02872995815301092,-0.04118780095003738,0.09122342690166173,-0.013071469474840603,0.025691808164971443,-0.008578568189618323,0.004270119254097281
2015-08-31,-0.0050614839111606785,0.12510174093182333,0.03369614212864662,0.031459647741601496,-0.0033932406891992325,-0.003019854879277252,-0.01791224312841257,-0.04986733908205386,0.07631164846701029,0.03226884028272628,-0.015404062898545038,0.0035125215036278913,0.03301576540852188,-0.0006488801255511521,0.03227561149346872,-0.03792336798182497,0.07041645574227764,0.0042160597653591765,0.023368063791003833,0.026529438406222284,-0.002366504956020578,0.0022089579099909135
2015-09-30,0.004551272853289077,-0.03774906194750855,0.051591988685593004,0.01764862570506841,0.010194843020809368,-0.022816070745933482,0.05347825720247752,0.017831966172168687,0.007241396386582307,0.031531860945986555,0.0363653907443362,0.032000105699171666,-0.018952201731007923,0.12933554823928714,0.09275482680983595,0.04487292551413116,-0.0650109064685262,0.05034650036045223,-0.027638325339179183,0.06474861288161843,0.043515353804879,0.0014494114688700954
2015-10-31,-0.030189806302105045,-0.0027667369529653773,0.0206315195349183,0.03728272707293118,0.024685618261678092,-0.09613952213617823,-0.010300278245723835,-0.015342244911915714,-0.03905850068418044,0.03394058926168084,-0.07983340647832718,-0.027358646824902768,-0.05220099434489327,0.002670760815769977,-0.008093256466716183,-0.0007213535512729193,-0.04217433314395151,-0.07328917971030464,-0.07752963789111839,-0.062473503084458884,-0.051695579770903555,0.00318840238138577
2015-11-30,0.035842748753927754,0.027530728253486028,-0.003949818193241825,0.00833683718542489,-0.03746765509858435,-0.0437707211198499,0.08772750608647731,0.09924042672280625,-0.021806753941721838,-0.006886656307341837,-0.059807577029242956,-0.013739127513751212,0.043172953950958284,0.02148181201965408,0.019740601292454467,0.0791612093896917,0.019258874015670894,0.07341618282888007,0.027040680012471112,-0.01168745232636355,-0.034469906658232984,0.003759940788215113
2015-12-31,0.03253706032389042,0.08489174905804621,0.024682780121189563,0.026950746999651894,-0.0359291023878906,-0.05927558808782217,-0.005636466726910698,-0.06577435754910696,-0.02962342103509507,0.09032522611251019,0.003343881772533714,0.0027892297684010414,-0.0197112130062501,-0.0033636881296293985,0.04008264985875627,0.0017061466440041126,0.07168298398191468,0.083156439627932,0.03182759489413066,0.039471719344069234,-0.05341915497069451,-0.0001596367644150585
2016-01-31,0.003110416668672649,-0.02243050992048205,-0.007750810965065207,0.022776278266055307,0.050965882706513296,-0.07093696781577152,0.06225628275169852,0.00766389308098009,-0.045047555271162276,0.00854121399617714,0.07871793407275626,-0.03941018298752714,-0.014767400177682393,0.02242464489881607,0.02371660997713887,-0.03886632611181512,0.016055606791635074,0.02816287262289629,0.0012898845860491032,0.0695897773525131,-0.027625063592843505,0.0013451222647355957
2016-02-29,0.042105475709629074,0.012079662511831978,0.044082860156832694,0.04836549290329351,-0.007712235912282839,-0.028703851649349812,0.006933831001813627,-0.044061364140125944,0.010327108564548245,-0.07699498937446761,-0.00022388014032943913,0.0013172892339851196,0.004496654473868037,0.04136142605138602,0.006440966480105776,0.04963002178857557,0.026691441315410565,0.050968363478500436,-0.03335759519942244,0.015595042292409145,-0.019348001535763215,-0.0021439164591361606
2016-03-31,0.013173294212263563,0.05276565294643079,-0.0654747555785541,0.045614545427437744,-0.04535332687153486,0.07099670210706505,0.030271688371057908,-0.01623612103133262,-0.04177208436128885,-0.042642082639647465,0.02084269614637397,0.023281548492534783,0.04562591929045938,0.003237153482462528,-0.03685743423344492,0.024997232569225286,0.0029667345856152416,0.04927484195616201,0.017601714839128636,-0.006879036893261656,-0.04343443762271167,0.00374620422052179
2016-04-30,-0.03978349904455833,0.03524744523066949,-0.006233536929010186,-0.050174169613619556,0.03138826170327944,0.017560354156582407,-0.03671250852747224,0.010445546793002771,-0.08043702708371145,-0.07394378572004597,0.06210714096727545,0.002723201219879055,-0.0011686327551622445,0.077708672724972,0.006421292655633371,0.027353406540902254,-0.03924416769815576,0.004277114803456973,-0.04618158054888772,0.03839070950971291,-0.017024432398440068,0.005630048515401711
2016-05-31,0.010502735223548984,0.006210765058011807,-0.06890214070271149,-0.07728072021607033,0.033453941786294086,0.07232206655284384,-0.04386631043195147,-0.08998565353888696,-0.008704051403173988,-0.0005496882847456077,0.1056463670056505,0.006985056369063909,-0.049599474417225724,0.018851816005364713,-0.018160685496025175,0.04532350140409704,-0.019018066331841343,0.05457070495600844,-0.027952198959207204,0.04459524030192424,-0.05544143442800245,0.0016601652492461711
2016-06-30,-0.039120887135838285,0.015180387396837228,-0.04931617534150865,0.04974859030767861,-0.04505756878832577,0.03656912148860198,0.007851827373694614,0.013849553366379646,-0.06365101073165999,-0.006878700446422288,-0.004598785203240736,0.01643343657130177,0.01971004514075122,0.01993583754168865,-0.044807698146064924,-0.027119926614752737,-0.04652877361466696,0.0017784682698313986,-0.01666338037153327,-0.005251357811363443,-0.025539661713030435,-0.002750020249806033
2016-07-31,0.039688405135316296,-0.03405506853645759,0.06574218601654841,0.057024306319551674,0.02644482912998585,0.04985111053852615,0.02518215493519528,0.08221358505318667,-0.021636743505212223,-0.018951630948821754,0.019375389194204312,-0.005752700161653804,-0.02051148212026011,-0.02711537581695314,-0.0046987323339467355,-0.006776151114017402,-0.05040200358453771,0.010420810780056522,0.04580097113812684,0.022926157896171768,0.04101261199730601,0.0027177810331540622
2016-08-31,0.0028704267638163423,0.014224612341252881,0.048170146606687295,-0.031188305509657125,0.04454940672228857,-0.012383700321620566,-0.018020138200132693,-0.008922894425487063,-0.02680190812077247,0.0799551126297143,0.09014697435426562,0.04819082188571523,0.07173547442533973,0.02571317403653485,-0.013321328618162608,-0.009760564051878669,0.018996029016377706,0.0805397347611683,-0.0012325805427748533,0.05724853504905034,0.017107642108433085,-0.00030817833229816066
2016-09-30,-0.005017856324918625,0.010083240349940183,-0.017018570263358367,-0.06619046264492008,0.03155818526992943,0.04574763773550782,-0.06978233698094469,0.017854450384459635,-0.02562731572353713,0.022340028057633906,-0.043265543971493174,0.07670420588511734,-0.0033225924545404635,0.00026155531911674877,0.052025252707722576,-0.055153198107123054,-0.04233613229761762,0.07452955036292375,-0.004152067476366879,0.08015857120804884,0.010624030165175831,0.00017330111667107997
2016-10-31,-0.029636384867039404,0.027713938039313095,-0.04676000297833216,0.013779760847702306,0.03920555647268772,0.05295733130443318,-0.07528866498451489,0.048005813119605466,0.0886266737694612,0.02919296100135521,0.05843254310026646,-5.437580772296117e-05,-0.09070663274314514,-0.020487853061651976,0.054330792734068906,-0.016833755638003454,0.014230296125283051,0.008808498205507262,0.0920938077766942,0.03243545660198966,-0.025083356688373432,0.0027531527795820075
2016-11-30,0.04652612463445619,-0.006796805240558743,-0.10567069933622114,0.04432089740386688,-0.04377846784884206,0.0030584639931333316,-0.07945657901029446,0.001945067947235069,0.008081912391257867,-0.035146513369297944,-0.02699924939743851,0.04041786468136941,0.013752446661998456,-0.024811988401352562,-0.00526783054224597,0.04773598925581358,-0.052975028467548244,0.00802143954270534,0.027632888363089136,0.004399115519437124,-0.04108254877134172,0.0020091082510254486
2016-12-31,-0.010694339132188686,0.03288124876613336,-0.009015419175822286,0.07813061242484644,0.028296230273058012,0.04877141334046754,-0.09643062884685656,-0.014620660998629558,0.011735920269377774,-0.03854766046351226,0.019184469974263613,0.013064816651975907,0.07730940645437524,0.10938068666159151,0.021223759122169977,-2.222072736896008e-05,0.011615967736193956,0.010082284520452843,0.027668398617513815,-0.0002386756873675724,-0.02917468226602842,0.0005237824493227966
2017-01-31,-0.02298873600263119,0.055599310721331674,0.1129035105194565,0.025662336816839142,0.00468547188258683,0.04901527910264104,-0.024748006257461718,-0.08464664635890434,-0.06960684741643638,0.003092426910861222,0.005194865481999972,0.03867800920813819,0.062159962609321176,-0.009078504394566674,-0.04066275878736418,-0.06446954353382701,-0.01783986273290497,0.06335325327444222,-0.0005085155490644148,0.024718393426008487,0.0037037051931195506,0.00020078873479667135
2017-02-28,-0.021676907480066634,0.022547923733079463,0.03203833239155205,-0.009998057796152125,0.0005086503545967333,0.005993942794735908,0.01494492393289042,0.0328513895872566,-0.024545319194411313,0.008482988741449385,-0.027045121122902728,0.0864630084376803,0.07048104382089664,-0.05713520649073345,0.013159020507513336,-0.07156499910113705,0.05867506017435045,-0.007217087837179836,-0.009745045042353602,5.857671943537311e-05,0.031045303391800047,0.0017516721104416655
2017-03-31,0.012907471442452799,0.03114525225314281,-0.011928266962361786,-0.030343535551651105,0.054154330175803116,-0.019034721050901458,-0.03263435570059037,0.0038420661413706295,0.00770417960513217,-0.07405650010439534,-0.025795469807378058,0.04561328803139166,-0.043902108820832696,-0.022814339473700453,0.04969297365302644,0.057642613649083005,0.01999321427395353,0.047733778728491105,-0.07491634703176275,0.011632033464655026,0.03207102251405961,0.0006810688949752651
2017-04-30,0.007853078310146337,0.016567374984681384,0.03291693045812445,0.003777305754495748,0.07625378640623581,-0.020300129491695695,-0.12234010942101883,-0.03196290728089942,-0.04190690350929413,-0.006996523354871831,0.028029322437338994,-0.046668443310849114,0.035683229647929235,0.005072077708048697,0.06682708311928555,-0.011603650597253894,0.059491705365134824,0.06352393920627242,0.05438918506517147,-0.04037995201526725,0.023918370874499988,-0.0007184742672060149
2017-05-31,0.009546968588002497,0.010016026864134716,-0.04238873252798089,-0.007249418037654975,0.0884319316319464,0.034834868213019676,-0.03923059760282366,0.014047203491533196,0.035555400203750254,0.00445724370752232,0.060348697890547226,0.04219708961749662,-0.03013128128513921,0.0283701963781525,0.0028568838168705046,-0.03424049239272464,-0.020624178251435168,0.030789641642472165,0.031183232869568114,0.05447108439709016,-0.017126705922038323,0.0008348736370432799
2017-06-30,0.00944148582408996,-0.018549266098278238,0.007983352161463366,-0.03580219069955471,0.06950870476545551,0.04587112974859092,-0.03805217666199291,-0.014881572543754738,-0.05313586465530541,-0.006042569781376683,0.01662971773006076,0.07557977724753383,0.005729891810980839,0.03178746817723879,0.07233245629212737,-0.01718736503074267,0.011367725437362489,0.07596233908260354,0.006651598086316794,-0.04366784456118497,0.005736494972119641,0.0021791852465103683
2017-07-31,0.07529149348663056,0.022220970575268062,0.02061893311722857,0.08292020973267884,0.012740197935498085,0.0008210107075973336,0.05219519789428971,-0.009715127193257872,-0.018261767643006525,-0.029923459517614857,0.025289936696341768,0.01943829025385918,-0.0553548519841448,0.03566222257878709,-0.026512595796382488,-0.06369370884618988,-0.02902574476844723,0.022371447863299025,0.007400808994581124,-0.015653058240548173,-0.004640275901117377,0.0011437930663607333
2017-08-31,-0.03049212583929218,0.006780204647406131,0.013212063779835824,0.06841288757541181,0.03356093054207866,0.03305498015456388,-0.08735646912154249,0.033871898379724645,-0.029383531690127203,-0.017243862057777278,0.04856281445270459,0.06645206378736668,-0.03002386132664086,-0.014695507309797058,-0.014300177973422718,0.05299158668328992,-0.00784615022478679,0.029159656226542888,0.045566862835153044,0.004955589827792698,-0.0010356929048425077,-0.0013270171964963706
2017-09-30,-0.036209598911226645,0.09599400512578879,0.04835311242907027,0.04237681092405833,0.04945769590519391,0.054476101136831635,-0.047414981146713976,-0.0450899673916665,0.001456606072786977,-0.0012464856208777228,-0.009210003736517505,-0.0024006488284699107,-0.032253103111567094,0.022481833044413972,0.062064638314043394,-0.018022347878162603,0.0007028234779071457,-0.0016726853463517079,-0.048162154915150066,0.08517900484374165,0.06611383690879438,0.0034781292427510787
2017-10-31,-0.048890112726227834,0.07566964866386881,0.03076405253733525,-0.04038773629092337,0.0243911658122146,0.0563580560582712,0.035754623546734456,0.05035962998273119,-0.03299204467968252,0.00869314624295199,0.06208371313852705,-0.03371183507688451,0.03149900606347987,-0.02354858275599062,0.09816271037836355,0.05367357521144898,-0.016967779106468694,0.07747610912088579,-0.011327411039847936,-0.015845203613438927,-0.04786000711010838,-0.003977622873886668
2017-11-30,0.011324084387555942,0.029881277770047593,0.04212173173683996,0.030393563041356878,0.022852558920634793,0.09343375234750467,-0.012796707280043153,-0.04568280147811499,-0.01784016245747979,0.023695861535735305,0.0639607896921984,0.035097110987422776,0.028420670754730926,-0.013621125962567864,0.051551219261962426,-5.8446979062699704e-05,-0.03588429052145646,0.007331675098305717,-0.03541178768213969,-0.026351189929573006,-0.002040304477667825,0.0006072696899431296
2017-12-31,0.03159259949000661,-0.01542475303959625,-0.010349854383286727,0.021675232211494616,0.05152794909811403,0.08475413684913849,-0.006315975274468148,-0.019278439176339944,-0.014353678265217069,0.0429816824101216,0.13630893567851277,-0.04435149474390168,0.009032084930658255,-0.027117709263398265,0.03404302363860921,0.05214586297022599,-0.042274605488555744,0.0485490505680308,0.0812597489727135,-0.021746617461351717,0.041352467215884696,0.0002596030908921683
2018-01-31,-0.01667046024928887,-0.028147097187762593,0.05478389160140836,0.014196471153934274,0.01626793294520685,-0.009359438819000466,-0.027690384932755288,0.08152658987244135,-0.03267871064194418,-0.01725559290517211,0.018572876606953927,0.017161753630119923,-0.05342101851158851,-0.03789612685296924,-0.0518037407315252,0.005849985568723428,-0.07572182111437,0.030363171561663245,0.04239161836601927,0.06508365560634094,-0.03897674485100615,0.0017963577557428296
2018-02-28,-0.047229160964984224,0.06277743022156572,0.0816771655387781,0.04832990676239309,-0.011976667482465248,0.10024340011006898,-0.02028246865062771,0.04562719401144422,0.015961111149388203,-0.02157822700573674,0.012248666437035646,0.07576255216930912,-0.01008859818994574,0.053245560085224374,-0.04155986770656587,0.030580587951252274,-0.02388748803220001,-0.0066946573936641635,-0.08198724480526197,-0.11196246451964184,-0.014312422757987511,0.002623323615605471
2018-03-31,-0.04948378679327766,0.025474155208410485,-0.02025067608037767,0.02148928266843125,0.0001994264775032721,0.01138525163249687,-0.0002413236939384708,0.004502272147510004,0.0052080671061758305,0.013723025863713573,0.06284342289821011,-0.05308196237264163,-0.029546734769290484,0.037715216549510155,0.04593866385164751,0.02717284463012621,0.043396401922706725,0.007816400806463336,-0.0590226151333741,-0.03794759525345124,-0.010871154927029184,0.0037535296165220706
2018-04-30,0.007077191076584284,0.03475517146368003,-0.012209927950541146,0.023284413895525234,0.04182161059006297,0.07565685302075581,-0.06329073635028858,-0.039259989355330836,-0.009079586336293173,0.021859773959596703,0.0699690666559626,-0.028311820634703097,0.03306730943171708,0.05082833516197255,0.02810268280765968,0.021245020254407346,-0.04246949968841582,0.08996926980160988,-0.0035730135560374503,0.11132195901635121,-0.0016986916616195348,7.519025329567972e-05
2018-05-31,0.008821445536351493,-0.05240125026794051,0.07771041600419529,0.016926798737638707,0.016099814732843425,0.03481116288068304,0.004019848724813492,-0.02357905477187521,-0.021766593969001782,-0.022536431962477763,0.017655414308268166,-0.018965901110712363,0.04504555383237659,0.012651320076993128,-0.0037592524151850663,0.008194791940908986,-0.03116301513639703,0.045981660364796055,-0.01846510408436662,0.025168340733401184,-0.042878714788186514,0.0026731646746669634
2018-06-30,0.004562640138981,0.05388394306108202,0.01658785636791718,0.0056133877323452045,0.03318636250692019,0.018746717970522162,-0.08703972139370152,0.0018453249107703105,0.027754836866385902,0.022552139841001677,0.026453347741276195,0.019003356608765627,0.03906065595511713,0.043874915018991906,0.04569091024660333,-0.014339917890580926,0.09471223817192174,-0.002950860384186297,-0.05580677667462798,-0.042926259193842416,0.022858581810141183,0.0018916367757629221
2018-07-31,-0.04593844098953428,0.036197248770970275,0.08074768869803746,-0.07691946834384022,0.04623943897846461,-0.03410017822539019,-0.02033422055633005,-0.0008681253692007828,-0.01223035776495312,0.029851153517953272,0.06516504601971518,0.007210247872880098,-0.03589077420804948,-0.0562814601567405,0.0477254039381686,0.07122606180707709,-0.002216817484369594,0.05045061558600572,0.07684234069819615,-0.000569159160106125,0.024988618475394322,-0.0019230787503664464
2018-08-31,-0.00886637011415596,-0.026736772785837366,0.008761141682095555,-0.0031395082601563644,0.00401001641692407,0.03374802994491584,-0.02632459971185398,-0.005541609350897984,-0.014750003569357344,0.041477821959226224,0.010844134425897446,0.0770222176140825,-0.11635728240262237,0.04905483548186168,0.08334337518569107,-0.04566343111298925,0.036631982997668996,0.03486980228469634,0.008650234692490747,0.0036529913678016506,0.02025125975053843,0.00530108051086822
2018-09-30,-0.015802993773680607,-0.0012239251097357177,0.08184027360606755,-0.033782078723689726,0.04511389742560652,-0.024310495473779167,-0.05921244692085648,-0.0037390300932917658,0.003394145369723779,0.0591699482904351,0.028862815527103257,0.056594134920970304,-0.07861403579481203,0.02121642817601884,0.050122898099618104,-0.008686532320092082,0.05036281066994272,0.1781813465488764,0.016447299165548563,0.03442781501273179,-0.021111210228732438,-0.001377550254480399
2018-10-31,-0.010371484990711662,0.030036490378747917,0.029863888241882408,-0.06618267372537304,0.02828445817759721,0.0788987786507507,-0.03613502854818306,-0.009736786836497561,0.06731032488877187,-0.0472403806221926,0.04781036065873037,0.040079213005863576,0.04737524728282747,0.04000216541381685,0.09486908650650741,-0.012191351467666192,0.04861432658893332,0.053398700440570455,-0.03191591262845837,0.07467177857304885,0.007595323723618853,0.00233899454461943
2018-11-30,0.015996275443956206,0.017792050328805317,0.034789904212117126,0.05057090658184199,-0.036732718423304306,0.10217195881434366,-0.06055376312944537,-0.057890957287758976,-0.052546884988823234,-0.0072831045773728426,0.08271077519467253,0.027887606251944513,-0.026382184876892416,0.0317022856963642,0.047477485161961964,0.0011972279218504644,-0.041707900752606004,0.025665160600681677,0.027570914721522025,0.018144184495424633,-0.021983207187072622,0.0022799198883954952
2018-12-31,-0.010742078264611208,0.0016052832384405966,0.09138234578038822,0.05129594834542,0.06903548921105744,0.006897003599103488,-0.08045809005417616,-0.022256386489502473,0.0336544129247961,-0.006509043650111537,0.02179602048119729,0.03976628755839925,-0.038214646825395875,-0.01837418930109053,0.042956663853566376,-0.029599047934123858,0.00832385752136927,0.09697477189487211,-0.015326139789245359,-0.0214459405170056,-0.00497789982314538,0.002051273564658154
2019-01-31,0.006877368508695499,0.006379926085235469,0.014611683956685884,0.035641532142480135,-0.00586787913710728,0.051287411240662814,-0.05125210479638542,0.03465142030104232,-0.0744246341775682,-0.00957426670335438,-0.024396600454856927,-0.013235312545285299,0.057708649233827895,-0.03645166845115851,0.09167204778092156,0.0035963655286802973,-0.048935966659772095,-0.03482775915025778,-0.01374653130223203,0.029531636143428675,0.06960403781512634,0.0005108462356767851
2019-02-28,-0.01939733537179435,-0.004035173627921372,-0.004589381951835945,-0.008488242273974277,-0.052316580802224316,0.01140572277410198,-0.0760203081497714,-0.05457970851359673,0.006427978837183166,-0.03072413662227557,-0.02877320509327519,0.056418586295454196,0.04734167697669397,-0.0025771993427014406,0.010149537277993998,-0.018401605472139412,0.11251454673906894,0.04351049348180759,0.019905229672438626,-0.03337489081952702,0.007870861327887679,0.0031545053022810046
2019-03-31,-0.010155326547097417,0.010981590036319178,0.013542675776934823,0.03465808390342537,-0.025282429096826448,0.016877878133058227,-0.023084574349723302,-0.006642084881176461,0.06387847965424025,-0.06200734533833137,2.4296760573631893e-05,-0.020711286128792798,-0.0021563320853369232,0.0551617477857562,0.16128735740321742,-0.07580788846853576,-0.04770740060415061,0.12206947040565574,-0.06877158017475424,-0.045041493329404575,-0.0306257972796152,-0.001620734947886191
2019-04-30,0.0021097108318523395,0.06542933320357894,0.05139034406587075,-0.016832763814347812,-0.024143880009600382,0.07383531136350488,-0.08193360453106395,-0.03464422723450283,0.02098635331983154,-4.800037265261306e-05,-0.0017256810381325732,0.05541151384555701,-0.01566111264389043,0.06168369493589326,0.06765113146383045,-0.012285553906762146,-0.026007500821331485,0.03751483866650639,0.05945680129805761,-0.0735997071272663,0.010410060219917416,0.0013683424226521542
2019-05-31,-0.08439101126976137,-0.09647475455398763,-0.02805735271102229,-0.01060168389869914,0.018914512699483098,0.04238018870531079,-0.009553220922461296,0.003910901666036676,0.004886772021562432,-0.039389096870002624,0.04587034270630742,0.06974883485135698,-0.009411348239875323,-0.01918530090327161,0.07069231448239295,-0.05335090745525257,-0.02516878076054109,-0.029473024778133364,0.002244691216711491,-0.06479395834270503,-0.03555387778189929,0.00037225064689508304
2019-06-30,-0.04195925102477693,-0.0026951504010626556,0.0589709753949842,-0.06422371503686747,0.00575116469871338,0.11693859677725646,-0.08471839630411378,-0.01825794554599446,-0.025732720536766018,-0.0063824731831159075,0.0059941323983276965,0.030793539740278195,0.00526161967370683,-0.0018204895175803135,0.07566166013669572,-0.07991256515982498,-0.04570341616624324,0.02209559007351029,0.04844348944029852,-0.040901630629932836,-0.030970311775450347,0.00014540411586593687
2019-07-31,-0.04815388145306339,0.01620948895982093,0.0129133024219741,-0.003694106286220373,0.003294696580988181,0.03099917690818301,-0.06059965216344165,0.059207872887025566,-0.00047797685053745965,-0.0407506523199048,0.02800196929789037,0.0192830887961839,0.06083693041400607,0.006959190628840246,0.13160057510124887,-0.006239072512533724,0.0674998311767293,0.09714093441775479,-0.047596326184630215,-0.048581524192782555,-0.026233694078463727,0.002357495574907092
2019-08-31,-0.05224765544457531,0.02383582088911916,0.08343892283816019,-0.02027625479387627,0.04504884177481688,0.08501155258417643,-0.061990019220619766,0.02242336858676952,-0.01231060281865596,-0.05570501493487724,0.025888296907440912,0.04648135374184671,0.017676582291100276,0.02119167722346573,0.08745046114448726,0.010675676825425633,0.1116248624429344,0.05792993474573075,-0.0416114325988734,0.00984582044840424,-0.008329283565870507,0.0036549570854393664
2019-09-30,-0.037889997083073036,-0.0028271008884919475,-0.05825435558730379,-0.07406504251841828,0.029271754012529544,0.04878349183029529,0.01776926251610237,-0.04973259480865376,-0.03464014902859047,-0.003489648245929112,0.042625870075665026,-0.08703213600045584,0.027917829221893148,-0.019527427292850348,-0.010101037470896478,0.011255583891215882,-0.0029567571669191195,0.01035906179774603,-0.04953946017665265,-0.05031930741086938,0.03310906986767605,0.0008134884763262678
2019-10-31,0.03216432001683946,-0.05532052022346811,0.003306723914679415,-0.023848385275077787,0.024370760764521597,0.07687250678312793,-0.022221903478587282,0.029902836425293546,-0.011943217279881405,-0.008998430733672569,0.1143393116622875,0.04479513573521721,0.04715498788816124,-0.02014917190940839,0.11302804226176073,0.014095791273579874,-0.038036509634929244,0.01596850607650132,0.00827881130848548,-0.126377122483087,0.022351945940505175,0.0030613621798515553
2019-11-30,-0.06220667352737196,0.02844412067328454,-0.032087273175002186,-0.02533121766134933,0.027090840432591735,0.024134616091169313,-0.04222048572809451,-0.028350704350353244,0.005543607801227056,0.010349875891668397,0.08973953873578035,0.02662854982067154,-0.0461979318117227,0.003994202595954415,0.040565570740967186,-0.0890719864072308,-0.07421692264779718,0.022761280738088356,0.0002991318813613149,-0.04435690624281406,0.02068985984741985,0.001599481330889197
2019-12-31,0.013257960021119716,0.08293521037580939,0.0011546516386893857,0.0528903144481804,0.03542734248621481,0.040710668135231005,-0.019072688671003292,-0.019087718600733487,-0.0346254997507421,0.07532189206742645,0.06281441479878333,0.03138728598141073,0.02743081195174596,0.04107727959270746,0.06106175495849604,-0.06677467080626345,0.010049800556961674,0.059356914961785294,-0.021782363988540172,-0.022563475230663564,-0.02796773696771627,-0.0002854644184760171
2020-01-31,-0.09286094877075493,-0.04851035815962425,0.044063008068748064,0.015465336707514984,-0.0721007711926383,0.04105431514662044,-0.12070999251104383,0.015803059171167127,-0.035714188556983606,-0.0005081657584795375,0.04861963319817732,0.06390306116210262,-0.013215592860819261,-0.006938673365633416,0.005820354831768448,0.06306456747375574,0.007280692802514106,0.0979189797691612,-0.0475341691219651,-0.027544730633029688,-0.011239430663069459,0.0009840958135178724
2020-02-29,-0.040275162313532134,0.044627842491995494,0.027461355075500515,-0.01577143185314134,-0.0013587953532579779,0.010542583142027662,-0.03797925479960407,-0.015948740229604828,-0.05704061503935175,0.008256556642970952,0.05124515621515792,0.030947977510688507,-0.09975197987498623,0.037862326143545906,0.07833590753657602,-0.0600986105959576,-0.007346552928081416,0.08480984203890943,-0.060035621443337114,0.06317317685959968,0.013160033206495652,0.0009010282184167701
2020-03-31,-0.018668809836092076,-0.004650857756138341,0.021721236512009703,-0.006775269248039607,-0.0747029618052135,0.07162466413297151,0.04522060570981698,0.04117897639699619,0.01404193790639624,-0.05511383535831427,0.08368444434110495,-0.010394650124318805,-0.0861598830223915,0.08499620202250871,0.03277276394716681,0.007678681130722318,0.027369133796286586,0.0640090117865185,-0.010962287481999303,-0.021543268544175674,-0.013849599561652385,0.00010668017498910681
2020-04-30,-0.001384275055308881,0.005512840891651412,0.022894851344557134,-0.017558948730682204,0.01604112309556689,0.0698034491547056,-0.03240758953584582,-0.026639553352070487,0.022099471760484414,-0.06388273691894399,0.09129910506695348,0.02963080400095197,-0.04198625003081896,-0.010274025472958689,0.06471732499259848,-0.044555378395726146,0.03466175985454797,-0.012336976448419266,-0.028210046286820646,0.04145208931107366,-0.0033509932090329516,0.0023569658573116678
2020-05-31,0.00617565811971525,-0.03235125873241871,0.03899913310407897,-0.02735081340950913,0.016528995803792832,0.06667558581689685,-0.03722819968828611,-0.021649680023732073,0.010001244622449442,0.04774619975345694,0.030556366054937643,0.03938614438723655,0.01632609855828774,0.03629294799096856,0.04841429920377253,-0.014752278071669307,0.031632183987700846,-0.010354062918581004,-0.0371488799026938,0.007871187740709155,0.018240760775898486,0.0019692923754095187
2020-06-30,0.009315204464130943,1.9671396012903644e-05,-0.009886051982311822,-0.06473048163868297,0.058958919209703094,0.10785054458218254,-0.01830945158097827,-0.025535666172012292,0.0403715427698359,-0.05766922293123247,0.07137019211162637,0.04203098027277703,-0.003099037382500909,0.08757189487974283,0.1389346290041402,-0.04498995761345111,0.006157505679729726,0.06340453390083016,0.053949607193950096,0.007678317428482684,-0.00546318043603906,-0.0016812993965388363
2020-07-31,-0.03932837464355551,0.06282703597962896,0.05423711025620401,-0.029025629867882423,0.0666235169347405,0.10374432797116775,-0.005026189712663356,-0.024035607405103323,0.004812138355111913,-0.06297780199087871,-0.010205910410620751,0.04659143165245144,0.0016091309548197236,0.027121441119070847,0.14217167631558225,0.0021374418836222434,-0.02799290992873754,-0.01232636704122134,-0.013889524859367296,-0.02601910198734223,0.011781787673060758,-0.0018030519904787155
2020-08-31,-0.04712151060500295,0.03510881373987551,0.05467667511734822,-0.05208006775450155,0.027829631545660736,0.03218090644223395,-0.12076466688470772,0.038900532579566265,0.017154395302810217,-0.022926185127173638,0.07627399244532435,0.08212857202485467,0.0711287924719174,0.020762146061971958,0.06295008783161439,-0.014474115906467829,0.04093638250596707,0.03609313163230394,0.03944497975873466,0.007168305379439003,0.05278185368058705,0.002349368906411509
2020-09-30,0.008481703470017456,0.07920567733062668,0.04475351692719201,-0.07118424419285338,-0.0013635816710696105,0.058842083677907026,-0.1065717650187906,0.021544098131535457,0.013893651523613439,-0.02334156533567906,0.10094211882707355,-0.002934965851334282,-0.06010071387114744,0.09106286203310324,0.06402932680962158,-0.03613394176415524,0.014661294786054057,0.05609227342481313,-0.03259728224104689,-0.02407645966206911,-0.00015576396960992594,-0.00013057285758906923
2020-10-31,-0.03055392208027763,0.05815077978243979,0.05082281109139614,-0.0020137347793613876,0.039508137467442014,0.023184331629463657,-0.03497923163420551,0.06840755208321025,-0.0014401216771556102,-0.05348162708507323,0.058739966677043634,0.05001491716351168,-0.010186119206515604,0.03431567057672649,0.05001546403100677,-0.06568263160598155,0.04952086575217138,-0.0026989372584802773,-0.003172342719160889,0.016534102885818542,0.040380134291576185,0.002104082310200648
2020-11-30,-0.07479998919140604,0.0285472950113164,0.03842175660004613,-0.004883859998667323,-0.0007385884193965731,0.050751609873449885,-0.07062004451001326,0.09356593841707672,-0.017415186080623958,-0.027230468264790433,0.14600055378189428,0.09603323297213623,0.00183323451919534,0.09304682257419272,0.11326703024059234,-0.014851403899751939,0.04461356447759202,0.0018122459905517176,-0.012607359755724832,0.000687150281578675,0.021781102019220747,0.0030618631562183765
2020-12-31,-0.0703821482066113,0.07727109418132672,0.11027680807804176,-0.08973438065950431,0.020380288572157096,0.025946152715275058,0.009890855374703397,-0.04162096154200158,0.09354521136995177,0.031357272344227215,0.038488392893898646,-0.023196433880667736,-0.040947330861770354,0.06707651405391094,0.0580250869813653,-0.0739760339089516,-0.04405761114569733,0.040084296840536035,-0.07676391714518917,-0.03294443418128019,-0.039017259804603,-0.0010419056748111185
2021-01-31,-0.05941761124836307,0.027121730399460694,0.02672603398029013,-0.02034751151628645,0.06288255231550702,0.11637376920193399,-0.05618643133164735,0.0038739126229344915,-0.01295937012024096,-0.051552200443871175,0.08341908898777016,0.052333074064276716,-0.009095260836898066,0.03785767219564929,0.052668110131537806,-0.00878886912651267,-0.044277630681651026,0.06335014464634323,0.04856689487805066,0.04383943919879793,-0.028064110877905727,-0.00132307450915237
2021-02-28,-0.005478930156545953,0.04166322662837039,0.023328900262846227,0.025400106908940272,-0.0037203005967746984,0.06378297712877734,-0.12448465253342902,-0.043146933984608754,-0.023083563010976443,-0.07488885653240612,0.07622051987844279,0.019929895372127592,-0.07676034721278678,0.07137041798120233,0.11036693576787826,0.07975493540300962,-0.01519518793028158,0.08275587138757762,-0.010672197357364414,0.02254917510793098,-0.020007876492096892,0.00484886336479059
2021-03-31,-0.021969533260096492,-0.004195242129470662,0.006948726587854677,0.030621209128140814,0.04803752833498925,0.04336268061084976,-0.0973996193418066,-0.02811705993884092,0.021098409217794413,0.022835427374794007,0.07242074531789335,0.02766952996639143,0.04161256792489589,0.06413613877528357,0.052113385515334225,0.029014319032093568,-0.027266242693101864,0.06308456688680396,0.021305005887811247,-0.012917006550241522,-0.0206450475079835,0.002203141565924918
2021-04-30,0.0007277563028587845,0.008381620755883234,-0.002788047129969032,0.02547748710692267,0.04058749452303868,0.09966435219475137,-0.16207605605522796,-0.022013509926398396,0.013807285651622557,0.006993587764828849,0.07044819989202988,0.005352356626149269,-0.041950679374353414,0.09211400711996057,0.07430697021569856,0.0029085940992191577,0.046149007377802795,0.044550066295316736,-0.03893620362040002,0.012259230973301923,0.002291307616795574,0.0006615186866534582
2021-05-31,-0.045282722705343434,-0.0232940344316944,-0.010973044062645095,-0.014681920754512153,-0.025371556342217782,-0.03482941296495452,-0.060738985638740146,-0.043112472131873414,-0.05202106137514064,-0.03607040887356508,0.07948641918406044,0.03662338084478592,0.0682981524081719,0.02986591997904313,0.014855055209578031,-0.030526422310341243,0.02906447906504503,0.012144271218336049,-0.015004035309479212,0.0013905545508403584,0.02343932144245467,-0.00036788090529252726
2021-06-30,-0.022373021688564563,0.045233753697677376,0.005524710255033385,-0.051820921986810195,0.051321862994985167,-0.02906847846121812,-0.0624752778088411,-0.04236857729488719,0.05354190965592651,-0.07610209026271669,0.11134904153373001,0.11929595633123967,-0.011991083028015303,0.05386169050537353,0.10772203273244162,-0.10536634109248098,0.060279999513775114,0.00029666138096293496,-0.04520134379902977,-0.03256815217073329,0.04265475250114168,0.0004791183021854409
2021-07-31,-0.004529628116299625,-0.04166854036040743,0.0401367815291542,-0.061175259564938536,0.03734929824840935,0.08265160187315576,-0.07239324218420286,-0.008191862527191745,0.0038705792320848755,-0.045156912796415524,0.13045251495320279,-0.004953389091218164,0.0288893326125984,0.04646473968153836,0.15776467811613074,-0.07863330978087549,0.03307992934366153,0.022413720553949773,0.039226239729856505,0.004816438329002975,0.014245252661752469,-0.0008811446722266207
2021-08-31,-0.04176370511251569,0.037606639197635364,0.059476475560746644,-0.005232658043822027,0.011568561726639899,0.05510986794877884,-0.013079646806289376,-0.05069023563457628,-0.03590317519443619,-0.01677250990500013,0.07249111473452653,0.001989617475137692,-0.012700747320504382,0.07677939070195844,0.10848268676804176,0.02388274180125536,0.027454430218156602,0.058165937380709874,-0.0002583699324470688,-0.022776755035104755,-0.008370386681596294,0.0032668243481811807
2021-09-30,-0.008815619045093199,-0.0003978761592430373,0.047744930534120586,-0.004224617867956016,-0.024667897583613523,0.0637045288711855,-0.006536675512119545,0.028540892073446074,0.05827348565265989,0.029051058976931998,0.10741533746790373,-0.00027807226394742715,-0.013577246929548795,0.00820177340528037,0.13503017381994142,-0.05936793172630592,0.06868091537151504,0.058827306433049766,0.003060632611090826,-0.03642641231528442,-0.057467237308896225,-5.3502307212641804e-05
2021-10-31,-0.05389424512256314,0.0569110701228892,0.014844245757428294,0.03581512565722143,-0.023573153958572336,0.0024180621472817115,-0.062232053144955654,-0.040768892888366104,0.035996276100373564,-0.06030614597409041,0.04610018831749109,0.12167119402128959,-0.032266824765522895,0.08980834796925229,0.044113811503384816,-0.05560419065205337,0.040814645282549855,-0.03877139968843297,0.04453364770209317,-0.06108117515340309,0.007117687262520139,0.0036870691764325342
2021-11-30,-0.04116323250225718,0.03960207056389481,0.081152056682062,0.027934978289034657,-0.007052734533370032,0.05501070160350038,-0.14277427693197292,0.11037275121448206,-0.03488560787322112,-0.023243387796689684,0.10459876046362912,0.03272544497299968,-0.00661881280415951,0.06777183417603358,0.08850338021791258,-0.03136252652527708,0.024709111702978508,0.0131495641375356,0.036716721233892476,-0.012211196180111468,0.005773105810849739,0.0006987421604599775
2021-12-31,-0.04652268734796045,0.07963113861900176,0.07694000806412997,-0.020572418676341887,0.03538924610186607,0.13759055921218555,-0.03429020930504687,-0.02163202689994125,0.08607843516136518,0.00953884837888802,0.040341388809877865,0.05363257825958696,0.0037825589280061672,-0.002099272073989692,0.043159569946660745,-0.06804207700042467,0.08184942926642351,0.09518793735191067,0.017083295911033976,0.02544225021390137,0.01048786260616873,-0.0005867003672346293
2022-01-31,-0.07969594296176004,0.038362421723996204,0.044611541364275475,-0.065562695554205,-0.025211507843675734,0.09006420323657884,-0.034803034746781,-0.002970069896065705,0.04204232306016771,-0.11421719588662683,0.11366361679003681,0.038713142507959236,-0.04183127791012896,0.09723339435695295,0.06982066401059894,-0.07293646534877965,0.029521917381848145,0.0489702217688133,-0.07262096572046713,-0.02488301570782073,0.06818720893109999,0.0006473968239723972
2022-02-28,-0.014581667193671856,-0.054221455559696985,0.02460037049673968,-0.028453947029119214,0.028270778665604505,0.0688276770697384,-0.044150924042380565,-0.061976750585050644,0.013736100540555907,0.016716275499737976,0.1590218480612368,0.01758822958971881,-0.0116467977696565,0.13549358498224182,0.11183018460558512,-0.023643822703614648,0.01159326500985149,-0.01182948606830167,-0.04273749587542876,0.10062226886383424,0.04221789638579216,-0.0037483335550028336
2022-03-31,-0.055786034900362276,0.008402909571836118,0.07244180926940458,-0.007035051320216916,-0.04266099539797043,0.041825131163429924,-0.018620393739276198,0.05754745850198451,0.07710077624996606,-0.07171447446967336,0.0681477413741553,0.045568262990823616,-0.030076910811169293,0.0859899457911376,0.08984404652386055,-0.05763664914139415,-0.010846500412293965,0.13934291637449567,-0.05531133851040989,0.0325872816107417,0.028551827547499575,0.0012584628466519863
2022-04-30,-0.03877823002331426,-0.0348408000574868,0.05928901399186699,-0.022957630121094495,-0.001332080130399614,0.04660998127644016,-0.1055273373098676,0.032920345991870895,0.02041293152889752,-0.013324845208269084,-0.015638974859496634,0.15181280661304075,0.0840709970655638,0.10500727134972568,0.030142887656237686,-0.05226075473599565,0.05130666738616659,0.04419164531287342,0.008269650177472105,0.049360877458002765,-0.02386231390214799,0.0011597616177396828
2022-05-31,-0.02122812404389796,-0.008762284176575092,-0.0060093192757342696,-0.03570609888235696,0.009276067326432748,-0.01955547217888036,0.017699910914912544,-0.0030853667840588447,0.014661433625989782,-0.017442246572163984,0.054028727895729774,0.10651697454268966,-0.012759849965908097,0.055200906844245765,0.03464443999936547,-0.05474886256699016,0.07365458636821721,0.06148060096052481,-0.01180783839204044,0.03296378728636189,-0.010389842475902304,0.0031494854930959352
2022-06-30,-0.021276687020535454,0.07330729556941411,0.05173789177624184,0.0007731967099251485,0.10258085974531117,0.0746974757504981,-0.1008322031563608,-0.0679283476006231,-0.00993793001285764,0.015110304041353044,0.12443166676099321,0.018270715819914844,0.05399045281753793,-0.01262682389070663,0.033337457972418195,-0.0033415618683899726,0.020657211928290647,0.06651027629530289,-0.07426897965697773,0.07643120007920605,0.002154661792144935,-0.002272609855966759
2022-07-31,-0.015687063884611833,0.04245323272668242,0.061072203525825805,-0.02892791470630364,-0.05346218611314106,0.10315346361050028,-0.036587544257938955,-0.006529792852746446,0.042317450228798244,-0.007573754032017446,0.09648767747951852,0.07701274472705162,-0.013749014138729436,-0.022384907827102857,0.11302719917805555,-0.03203562095260297,0.07500416409963218,0.036736669186512846,-0.028124279422422235,-0.032610753253073846,-0.018262213720310606,0.0038237327217270954
2022-08-31,-0.04669237338502232,-0.006659678862091021,0.013586793097977246,-0.03275980395164972,0.05904227171346458,0.008784079886754649,-0.13312851309073243,-0.0619654632682734,0.03796874905811266,-0.12391183743231167,0.08796999326156352,0.024256286336694487,0.004095377080196916,0.06160152233605699,0.17459798778234104,-0.029654554726205436,-0.05614470338924457,0.01782013792128096,-0.07863697239781006,-0.10977715081630172,0.02001393574955354,0.003141198589995312
2022-09-30,-0.06116497409938962,-0.018920697174114817,0.05624071121153283,0.0024725744263049427,0.006507837666762212,0.047778188431414945,-0.103169686519914,0.040276562751508864,0.018878627230887613,-0.06406728706498027,0.11935723206974172,-0.01542130129495255,-0.059251951376411816,0.02871542187481255,0.14766735628187275,0.0016136366680701538,0.01616355895573233,0.13268138777035554,-0.022641697779882217,-0.023722577883609458,0.015707265476471135,0.004004087127397325
2022-10-31,-0.04858886498891428,0.023451359317362475,-0.01354941232857812,-0.026287644960658822,0.017748634886283518,0.02847605634486496,-0.0011121864608468097,0.016292469015999088,-0.007848933975022475,-0.028972110113440884,0.09785871415571987,0.09418743019629042,-0.022974162611356083,0.01664977012526694,0.016450710010428526,-0.030419333206536087,0.01649506577499136,0.08825708842812516,-0.08839512191400674,0.016262757161004948,-0.027649233791640773,0.0013945572479917253
2022-11-30,-0.11139974700668125,-0.024178153125823557,0.09680087780195329,0.0013901634085838888,0.00692581648146331,0.03620987466187645,-0.07498493325723901,-0.011052166379669414,0.029787317975032368,-0.041721604565051564,0.12745344603372524,0.10111933896744586,0.0033831482576214336,0.05228462784600178,0.14875955235637459,-0.03802598240242949,-0.011139192013184604,0.08133194702318317,-0.0005982959793258753,0.002281219602497289,0.040904501272883725,0.003527793668205511
2022-12-31,-0.1012263864175866,-0.003860983379799637,0.0920783445806225,0.004239436715542274,0.017395192568236486,0.0770281030094863,-0.03173909721387049,-0.1125850881206302,0.02041033761577051,-0.016836319139600785,0.11880166096890135,0.0999046962823261,0.05560432845444091,0.07806687366678085,0.12999375719740736,-0.004014026423955417,0.11313079480637557,0.07223662655307492,-0.003358693017081968,0.005482003984320584,0.008069310014265809,-0.0014424880698138101
2023-01-31,-0.09408682454626466,0.03632284425552663,0.0322946661055596,-0.05188931410144227,-0.004776715010976313,-0.007222453933827141,-0.052842947368462574,-0.05322877224873032,-0.03147408289778445,-0.008373869180546101,0.14639926586400961,0.03968552976628536,-0.0007930382175118569,-0.004053888702553023,0.03414079547790042,0.0033171190127919796,0.01811683281834213,0.009233711981247544,0.060800036769157025,0.04800391930257516,-0.04687213440226754,0.0029260951304090664
2023-02-28,-0.08188947326095858,0.07019491807401375,0.05979668838303226,-0.02383566041808661,0.05798747089140514,0.10401055548652469,-0.06471844677655263,0.011296206700290842,-0.03884183570062281,-0.015063520922556452,0.09882363296449892,0.053241949396135066,0.045936128518132016,0.037425018856771776,0.08814711613101042,-0.031066381333187777,0.002180066954334892,0.10060109636593315,0.018828572350764558,0.012146163754789946,0.0034597142496509163,-4.2325524199890484e-05
2023-03-31,-0.027912265057614172,0.04915240887381535,-0.05099126145643645,0.05385994622634927,-0.01711246844386137,0.11044030232177475,-0.007940268542294073,0.03236556775811476,0.04456106054627268,-0.04651656847996191,0.12117142626010671,0.08650486024839374,0.01843686682019567,0.11790935773990915,0.14571276784751827,-0.019320034629017782,0.0180348935030806,0.017239376082111835,-0.031366037406547725,0.027929445257971825,0.013436193677687145,-0.0018028036648458728
2023-04-30,-0.081081862721026,-0.0683246710388083,-0.0022726930671264634,-0.04778034868798882,0.04646968072186716,0.06890284189313889,-0.07209443656882691,0.028511375661285254,-0.08279823346414841,-0.1126792112968113,0.07343040914451025,0.07110741068538126,0.0609251443476618,0.013374623713518032,0.12387642867803246,-0.0534754403779783,-0.06818417588229406,0.06145069802093668,0.01956845515928237,-0.04245775800578755,0.03418377084307221,-0.0007482810363287212
2023-05-31,-0.06001595783196765,0.03251414041188489,0.03275337106344524,-0.0854312771483511,-0.027291964109173457,-0.0181488077235338,-0.1344353460723557,-0.08047589145361717,0.029799573497506206,-0.061756841662046605,0.06025870759680624,0.03784319306207176,-0.005184115572913522,0.09096935751498753,0.05520117017740078,-0.05569794571367079,-0.019271820397768355,-0.017113037508232207,-0.071862750422462,-0.04863647558366791,-0.005124292093798488,0.001511062277258541
2023-06-30,0.006921074211647043,0.019266544240171785,0.004354777863809368,-0.07599695127519913,-0.004504550703060281,0.04354882226500436,-0.0953532506129929,-0.00386264396808942,0.0023839410898499978,-0.02626109594782085,0.1530506037828834,-0.014675918409897116,0.09315048657610502,0.031865109046784884,0.13185995584111107,0.008996079308845849,0.04981756457522982,-0.026885527123587414,-0.05345468191981343,0.0608331762535277,0.029838148023416215,-0.00014859841643520685
2023-07-31,-0.06197914143303027,0.030897741431973925,0.0745012640023509,0.00026628590660739875,-0.04418705359168393,0.1345146968625659,-0.0431550755587227,0.023134723960861213,0.07535124082090497,-0.0906436573971603,0.0940128591521934,0.05516427680932944,-0.020587218685895695,0.07232623080808925,0.021508380236322445,-0.00483258708136883,-0.015533446462928452,0.06628746540759353,-0.0033861026880717786,0.00028000738386105284,0.010614259603106472,0.0022521470633916
2023-08-31,-0.01855872903494496,0.07826486364541257,0.12463333976767203,-0.005569258911683711,0.01817352593758095,-0.0239464207811724,-0.05014275815758775,-0.08279994745475502,0.0016402883236091934,-0.02194734919550458,0.1204144419039125,0.0895723535506443,-0.03337392212897982,0.0938218157567658,0.09526603725910218,-0.004980607423658867,-0.0211589278090234,0.02163083772531082,-0.10269271360961921,-0.026733234029894113,-0.034451638271127384,-0.0021164751100080344
2023-09-30,-0.08545935106005662,-0.0693077409339462,-0.0005687887124007397,-0.01079126210205315,0.05755083746865878,0.07321429083637662,-0.1324232940719552,-0.01567926945189356,0.04565836901737774,-0.013427703818082545,0.09615779811475333,-0.0038476013315696996,-0.05163460116047944,0.07802388197221914,0.15320978450288422,-0.014946949984071908,0.0662546954978748,-0.02832450965381646,-0.01859197301449123,-0.027579722158013534,-0.037455003204475416,-0.0027541950872317232
2023-10-31,-0.05180894684560984,-0.0063561876123649375,0.013191415278372646,0.03513729029683544,-0.0002296923572285281,0.03854095098762837,-0.09902615483502566,-0.010243994214581467,0.0039021697419771347,-0.04779860488739771,0.06766328091703913,0.06882027208958054,0.08814966175539721,0.0855532845223407,0.11108417983347975,-0.024731950351508082,0.06779591581354395,0.07333821543277837,-0.05720153590986342,-0.03134166303813136,0.03867679610448046,0.004244774868287152
2023-11-30,-0.07835038625107547,0.043327885979004804,0.058040079164067136,-0.12383725632405972,-0.00294065370777152,0.11667114046489313,-0.09300300357983994,-0.030847943682330358,0.02558169643015804,-0.17709846828480938,0.09170944458167013,0.05515734713675871,0.024978516085046303,0.0034943330738789156,0.09594692658338416,0.001645357770716149,0.03428048884447414,0.1348893203422663,-0.012390394351202235,-0.029777153623754396,0.04087952535145307,0.003307600258802869
2023-12-31,-0.0561290625381033,-0.04530462821139357,0.11367672039653479,-0.0002296361456540462,-0.04010801465232561,0.05469657695530801,-0.08538950910150299,-0.09899938118377602,0.05122142448353334,-0.10682757291256298,0.15061260240545193,0.07298278104589019,-0.02070769462293811,0.09006909976519593,0.14941963832732186,0.01467105641423061,-0.0023950877776670937,0.10502225924445521,-0.06598607068308503,-0.05394997770469804,0.014687276912141688,-0.0005985936718276149
2024-01-31,-0.010041929473194263,0.07788422352598315,0.0023776528596035663,0.04729894629896279,-0.003139600784620859,0.09881692623002533,-0.12961910756206177,-0.03917321097035082,0.0016779554653771397,0.01766494177845676,0.11478619598032427,0.07875538506993379,0.04277849270905494,0.012329067689256755,0.1564726086938515,0.013664721678781959,0.006347603549192355,0.04147596810888614,-0.005836786701795676,-0.0637737712023535,0.049871201635400854,0.001494000713058921
2024-02-29,-0.11618570464916897,0.032958066571345215,0.05980113763386671,-0.0626413192539553,-0.053756880198207166,0.1055940177373739,-0.09832208151697205,-0.0371870892576486,0.061448477512303,-0.0792568993874141,0.02586907513566175,0.01817370707680199,0.02149000071651587,0.055444879476435095,0.17074480114080062,-0.03170697188327766,-0.017719736097352584,0.053305220210865055,-0.021037188610928223,-0.011684742207400331,0.0366982954712482,0.003539014120402648
2024-03-31,-0.03140910475387863,0.051710130753151604,0.12330470108100747,-0.03419320253846718,-0.02258406221372698,0.15602839228721407,-0.10218434342648453,-0.030652623228424176,-0.019598226476260052,-0.1384434250072792,0.08611653849935348,-0.016932937606584673,0.07350905933728454,0.05684749909234571,0.1556495172965805,0.02739278045317247,-0.02862080346083172,0.08983518255021145,0.0348083285520872,-0.027463245040277612,0.025508861884391634,0.002338401216581211
2024-04-30,-0.03915716514155207,-0.004428626910448827,-0.015401775298943262,-0.04642218610361469,0.020601697200552643,0.06903417643877084,-0.04421236072092476,-0.05020123757701735,0.03094145335058538,-0.008497588465287642,0.1646533995273689,0.028974637132192456,-0.06677464077601641,0.0638419163122846,0.1613556639330041,-0.013692595839845228,-0.03133281093017718,0.0959083486821855,-0.021429977913737394,0.03977078855974758,-0.022339344662010152,0.0017964461923669567
2024-05-31,-0.0705326289672494,0.0523897063151989,-0.0023687358853435,-0.05309506084554311,0.06249291490633488,0.09018272716776427,-0.04385177646536405,-0.047570622361668084,0.05422654984014403,-0.05760108366358743,0.0834702281316809,0.08616502824134152,-0.014573074958963601,0.058458358917472905,0.1510735844173523,0.003973654431290309,-0.012612684145265564,0.041194294762137346,-0.04944862735461923,0.007176610133248393,0.0569428625309703,0.0036903081626251943
2024-06-30,-0.10657886133671397,0.062091200920520735,0.029440035842789487,-0.025932507903384333,0.12512585688213299,0.01846414765703121,-0.08563212293398625,-0.029384857581808747,0.04637590562737109,-0.01612297183914072,0.023471200540632117,0.029815067381627425,-0.022755468667889966,0.01114443091680541,0.1346718278861756,-0.011882758157737245,-0.02456991383252349,0.05415777480898257,-0.028243482393227676,0.005990721397288677,0.02108904296624819,3.8575049597559244e-05
2024-07-31,-0.04767140847906754,0.0309868594840914,0.027569485266026532,0.04416689461373802,-0.01276734520875235,0.12463739049021465,-0.09811385360071481,-0.01394171269879994,0.09795017243705252,-0.05176429381526245,0.17147358888087247,0.025044872152970674,-0.08258671406740478,-0.008008597823631607,0.12827362814149898,-0.012326895095077988,-0.04544970196484329,0.06811108536588682,-0.07155003670263851,-0.03399316879951309,-0.006575163238348649,0.0015623568973292573
2024-08-31,-0.07654262395596266,0.028955594866444445,0.08083239213442342,0.061332373314794436,0.06551818005612403,0.0478054105273865,-0.07849264887693143,-0.04155926675849252,-0.00798408024360887,-0.04858543763256796,0.12690217025653705,-0.01947574099415543,0.03711081588342575,0.08161250526247253,0.11721351106137472,-0.05334437248641085,0.02450025482643569,0.08052333892513966,0.0002660138921303772,-0.013820469392054752,-0.015048100159158938,0.0014643027234152168
2024-09-30,-0.046892947726623155,0.03059766378666693,0.05658739246228712,-0.022413563234141818,0.016939082607780362,0.05349796016324325,-0.1148775209320548,-0.045878639125591966,-0.03006692643301736,-0.05261613647566317,0.09635281120234152,0.12297814042580522,-0.015589299179946677,0.054124677655217564,0.07739858379979939,0.001209022986127628,0.022894397145085912,0.054438599203823115,0.008051840293697751,0.009226458652871562,0.012703513445415707,0.0009544759046579149
2024-10-31,-0.057962487929903654,-0.009362831988808964,-0.02363261298160759,0.06744181923760299,0.0020347288036146934,0.07839935903396561,-0.1299485436022005,-0.028183592670139916,-0.008997933892577466,-0.04073631866082933,0.08545315472609175,0.08552425301287221,0.025938070130893588,0.09007688840518721,0.08724238129723481,0.08604692388999838,0.08280255032872968,0.053486982806425304,0.08114175713975207,0.023143662123505812,-0.045131772545153645,0.0007203889771584958
2024-11-30,0.0036639543009521804,0.019907687808579485,0.07087554684327921,-0.009388867531799171,0.025238817192099732,0.01696957483069321,-0.12098541825377018,-0.10988090292929234,0.05382584923116819,0.01692680608952482,0.1489634230193384,0.08194478399096217,0.08919375995714258,0.03984114631293977,0.11396777944437012,-0.042796704651606426,-0.015335570557722212,0.11402557077570769,-0.04766407804191519,-0.008094600632387877,0.02599019826058588,0.0016457364756569815
2024-12-31,-0.07224689675345154,0.022766059665488343,0.023233323150747526,0.059069610228643765,0.009165769092246938,0.08969956373087429,-0.11042746576121906,-0.015997591035191536,0.04589943910807535,-0.03719175781881316,0.08244936454155272,0.09098954805174189,-0.0194337773824891,-0.01526081978430631,0.13192139568149724,-0.028932526680045596,0.02449903425384389,0.10650996814867593,-0.034744542431001585,0.03607381557270102,-0.023607124440820804,0.0015688149919710552
