Period,Name,Weight,IS CAGR,IS Vol,IS Sharpe,IS Sortino,IS IR,IS MaxDD,OS CAGR,OS Vol,OS Sharpe,OS Sortino,OS IR,OS IR HFRXSDV Base,OS IR SG Trend Index,OS MaxDD,OS IR Efficient Capital Best Trend 15v,OS IR Abrdn MOSERS Trend
2007-12-31,Equal Weight,,13.741205925747856,7.513410258458393,1.4025324300997775,3.106925203965779,1.3750341141782625,5.959914322368065,13.649438283474137,11.350002179850478,0.7386965362994777,1.3116399373912453,0.7634291707230755,5.952702529216792,0.027343422604010778,0.5948141639940966,,
2007-12-31,User Weight,,13.741205925747856,7.513410258458393,1.4025324300997775,3.106925203965779,1.3750341141782625,5.959914322368065,13.649438283474137,11.350002179850478,0.7386965362994777,1.3116399373912453,0.7634291707230755,5.952702529216792,0.027343422604010778,0.5948141639940966,,
2007-12-31,,,,,,,,,,,,,,,,,,
2007-12-31,Fulcrum Multi Asset Trend Fund,12.5,19.317240262313916,12.000000000000002,1.3357702905785482,2.5765515638728798,1.3045028161654957,7.997578215777379,16.45019893240185,9.9337317676779,1.103017988295544,1.829068749038804,1.0969817101611479,6.516371711431635,0.16780733857641147,0.3629573814315113,,
2007-12-31,Kaiser Global Diversified Program,12.5,15.007039419220725,11.999999999999996,0.9862983111332213,1.7095825467856431,0.994508434334922,8.780212763860174,33.40142614882904,14.367410633768174,1.8987973521329005,3.4175582184243565,1.762279985642349,10.172946190896115,0.8758418485275055,1.1798878455560522,,
2007-12-31,FORT Global Contrarian Program,12.5,14.800394488281988,12.000000000000002,0.9644117356513234,1.4872788453335806,0.975999197264818,13.671615558996908,4.57505759054786,14.828639284287437,-0.023194371132635734,-0.03155171131332731,0.045430971217788316,12.761685268941669,-0.35064377903685306,-0.4594306718816113,,
2007-12-31,The Winton Fund,12.5,12.72266663374586,12.0,0.7951266956054387,1.3797314956123,0.8204496785431324,9.071134863779495,13.671957336749019,10.54546690174303,0.7981314214610293,1.3412578130395372,0.8171523028020575,7.418994251353206,0.02781960904003618,0.40674265461908715,,
2007-12-31,Campbell Managed Futures Portfolio,12.5,12.235355405283865,11.999999999999996,0.7575874036612203,1.564374456236693,0.7845993728193079,9.617118418253822,-10.258990410364744,19.866527327275953,-0.7339632063821808,-0.8882952080064078,-0.6953185722720914,16.554030839804877,-0.9270789082095369,-2.0560018720800923,,
2007-12-31,Transtrend Diversified Trend Program,12.5,11.31575420739992,12.000000000000004,0.6851842036729506,1.2112372818904846,0.7182971377011391,10.377564250724902,24.860228751292702,18.080052486955942,1.0591886214475144,2.3358931286756297,1.0572681958903634,7.93140505640414,0.48249039527331294,2.2406368473307277,,
2007-12-31,Winton Diversified Macro,12.5,11.193120868882179,12.000000000000002,0.6713997057356137,1.1493225238567235,0.7058969153856232,9.06423926177753,12.376721444334947,10.781644782118821,0.6646433623964211,1.06868512792353,0.6931830855520353,7.928984117685022,-0.034926331033348,0.28845354765985093,,
2007-12-31,Lynx Fund,12.5,9.793696921861873,12.000000000000002,0.5591100169573763,0.9944893357095653,0.600395377536599,9.395722806296824,15.07158046118413,18.077968753176904,0.5373111009454458,0.8713544496264551,0.5977046745284521,9.604489009318584,0.1471982493083691,0.7010303812820028,,
2008-12-31,Equal Weight,,16.370667396688265,5.920444100031908,2.0038240835044405,5.4142686212001125,1.9314993702760441,2.338988750158544,25.371425085096178,5.896195757782637,3.89223210179813,13.038552872273664,3.561770968788755,-1.5898662599734728,-0.32776207079461434,0.2529098681947099,1.6591635396763005,
2008-12-31,User Weight,,16.370667396688265,5.920444100031908,2.0038240835044405,5.4142686212001125,1.9314993702760441,2.338988750158544,25.371425085096178,5.896195757782637,3.89223210179813,13.038552872273664,3.561770968788755,-1.5898662599734728,-0.32776207079461434,0.2529098681947099,1.6591635396763005,
2008-12-31,,,,,,,,,,,,,,,,,,
2008-12-31,Kaiser Global Diversified Program,12.5,21.011149063104885,12.000000000000002,1.3553895965462939,2.311596573875417,1.322197999258493,10.96959957285315,24.601761776000597,8.203558827470513,2.689676299174083,6.505627786789062,2.4875543648700966,-1.4355676736487883,-0.45730290040433025,0.21353841833717166,3.2615523728276474,
2008-12-31,Fulcrum Multi Asset Trend Fund,12.5,19.704053256703812,12.000000000000002,1.2470016632161867,2.261397648118763,1.2269090906899194,7.177331313315238,11.731336468703768,11.366819666693551,0.8277823096013558,1.6096919385225106,0.8457862802472323,-1.5440953097766825,-0.7301922158847513,-0.5031163459574552,6.06912371572318,
2008-12-31,Systematica BlueTrend,12.5,16.334563744269115,12.000000000000002,0.9763086638373638,1.765090029356817,0.9854731031227757,10.742208140423804,36.13339545318222,15.21366947156546,2.2103564632470243,5.061138962358565,1.9980579990931742,-0.362717324721756,0.21841469138005618,1.3385727534994187,5.150490588404866,
2008-12-31,Conquest Macro Fund,12.5,15.430461663564476,12.000000000000002,0.9033329760861922,1.7667109106482015,0.9186353306049457,11.382475930641201,22.113954340259667,12.847014473167718,1.539329581043896,2.9188099013609583,1.4741508211294168,-0.8648174204929064,-0.3128145208734244,0.04710168392075084,4.853250524048436,
2008-12-31,ETC Evolution Strategy,12.5,14.833256534857053,11.999999999999995,0.860683229095098,1.7260202174053043,0.8793562976352504,6.550207109729955,13.481678915971518,13.006920924357724,0.8737978456203808,1.734000683585598,0.8893988056987121,-2.724305344397389,-0.68717291484989,-0.6981221004608082,8.223165548016775,
2008-12-31,Quantica Managed Futures Program,12.5,13.93995238976682,12.0,0.7822384264271457,1.4262856217596265,0.8078703019899094,9.58073490666993,18.363537322470446,9.723589706362178,1.6613867915019638,3.8374213162542583,1.5942196606822594,-1.6474754453995815,-0.6372815845659573,-0.2615979398928991,6.015186209597756,
2008-12-31,Transtrend Diversified Trend Program,12.5,12.665929048882374,12.000000000000002,0.6861833805658167,1.2244415061991116,0.7190933213215592,8.78069511194468,27.90490020749612,9.42123707174265,2.699974594738614,8.597598576409768,2.4712003364010906,-1.4276155308356144,-0.13163738055841642,0.6951997768311716,3.5587881596302218,
2008-12-31,Boronia Diversified Program,12.5,12.511946217933323,11.999999999999995,0.6750338134977608,1.083122196550351,0.7094714245506374,9.576596934628345,47.28944792856369,14.651645448704784,2.9950640328004807,11.344997669222712,2.582632644806902,0.15166466287606428,0.479676226155545,1.22292227970282,3.4461281578930247,
2009-12-31,Equal Weight,,22.052926473746147,6.566051854131315,2.6531874968317943,7.583914999308981,2.492897041723387,3.151942754347059,-1.6937663926334112,7.63634812204696,-0.24365096331218397,-0.349516468831755,-0.21079922669126416,1.3330419310719943,0.16733554878742904,0.5585657551298081,6.94528592624144,
2009-12-31,User Weight,,22.052926473746147,6.566051854131315,2.6531874968317943,7.583914999308981,2.492897041723387,3.151942754347059,-1.6937663926334112,7.63634812204696,-0.24365096331218397,-0.349516468831755,-0.21079922669126416,1.3330419310719943,0.16733554878742904,0.5585657551298081,6.94528592624144,
2009-12-31,,,,,,,,,,,,,,,,,,
2009-12-31,Boronia Diversified Program,12.5,29.39590629902671,12.000000000000002,2.028030265482762,5.746531120381116,1.8872870355811753,5.304284668340554,-1.5123581788584861,19.481422873482714,-0.08621743527940003,-0.17759878757853428,-0.002523916093600847,0.5110365039360387,0.1564992675302794,0.2261844588187602,18.290519523029246,
2009-12-31,Kaiser Global Diversified Program,12.5,27.77348530834951,11.999999999999996,1.9229120177563301,3.665465707363665,1.8034426525027494,12.406605920866365,-10.227077430489794,17.033979722266356,-0.6095139163433423,-0.7598997742908807,-0.5612251563276198,0.08486015267943892,-0.323282839183552,-0.43580403737123313,13.627621160221493,
2009-12-31,RGN Diversified Program,12.5,22.686187946124605,12.000000000000002,1.5009474101962021,3.4180543211145498,1.446439596717548,6.467925724293567,-11.696240629784294,10.585958775791827,-1.1200250120596795,-1.1791192030653186,-1.1360071841343586,-0.09974193252143632,-0.6877185395725413,-0.50868673705902,12.758956794801124,
2009-12-31,Transtrend Diversified Trend Program,12.5,20.123307095670672,12.0,1.3067237424923692,2.706658314370448,1.2788022690775218,8.149240177931938,-10.81151395104667,7.0095906901142975,-1.563732195247483,-1.5555995304058687,-1.615689407683461,-0.089635411606479,-0.6347795347756426,-1.0180875787581734,11.226497525588163,
2009-12-31,Systematica BlueTrend,12.5,19.74662742809661,12.0,1.2724476815761196,2.4373178618348956,1.2489757908524028,9.493961373621286,3.377916654812285,8.986615483370503,0.35665402470267715,0.6162089294654467,0.39241307985493545,2.3593640966472775,0.4098421964690129,1.990680736386948,3.8984359357367993,
2009-12-31,The Winton Fund,12.5,18.885069465190305,12.0,1.210067391004361,2.2613676351943464,1.1943243114974913,9.625501040857687,-4.624655393585453,8.214846527834938,-0.5823633721374322,-0.8937935253429066,-0.5583578827740909,0.9292553668975884,-0.18054002207463155,0.022862013189868826,9.289181777341271,
2009-12-31,Winton Diversified Macro,12.5,17.05211620196203,12.000000000000002,1.0618941377334095,1.906155373759028,1.0625839855007142,10.068316096443342,-5.2807158353615495,8.017394545414518,-0.6783397331790715,-1.0049219762700556,-0.6595362190554499,0.8070926417704248,-0.241211608335752,-0.12415632946366581,9.54663914253574,
2009-12-31,Fulcrum Multi Asset Trend Fund,12.5,16.71409706261251,11.999999999999996,1.0309102120518516,1.8526968748173867,1.03466260135555,7.3731646026006015,28.064238461247548,18.875105527427387,1.4739733392691583,3.109828816144405,1.3988839291455224,1.8916438946023164,1.6899278839163345,1.441635056628655,10.567729758270449,
2010-12-31,Equal Weight,,14.58929556757358,7.145483520282654,1.7105680631942908,4.037140370786321,1.6569748258036265,3.8417820694771176,5.97115019484229,6.3600540600454964,0.9204467373853356,1.6379620318734114,0.9257073967714823,-0.8643388376365585,0.479275583719255,-0.9943332648134136,1.5511623001598696,
2010-12-31,User Weight,,14.58929556757358,7.145483520282654,1.7105680631942908,4.037140370786321,1.6569748258036265,3.8417820694771176,5.97115019484229,6.3600540600454964,0.9204467373853356,1.6379620318734114,0.9257073967714823,-0.8643388376365585,0.479275583719255,-0.9943332648134136,1.5511623001598696,
2010-12-31,,,,,,,,,,,,,,,,,,
2010-12-31,Systematica BlueTrend,12.5,19.12555498404094,12.000000000000002,1.3804393291603996,2.8322807387017397,1.3433872660900779,4.855363179577543,12.821166703913956,12.19663080798676,1.040043664039348,1.7044682475993322,1.0404122222305563,-0.07291464176244353,0.8637163248134216,-0.05561717224517801,6.634060581997037,
2010-12-31,Fulcrum Multi Asset Trend Fund,12.5,16.52257072653107,12.0,1.1446191385270799,2.1902879133119977,1.1359325512737386,9.0510077401728,-4.145062602708604,7.944591621596861,-0.5364237831795031,-0.645728357532776,-0.5104065123896958,-1.1218189748182796,-0.26779371876565206,-1.1395738344504887,12.372790388533982,
2010-12-31,Boronia Diversified Program,12.5,13.76680046085037,12.0,0.9287698891216315,2.1622150341604263,0.9411124882001114,14.243809067693903,-6.434272505561922,11.362163388627684,-0.5764745021294794,-0.7950354748826244,-0.5425186078377072,-1.1512483814401868,-0.4437398679642372,-1.1876251671231213,9.761184736464458,
2010-12-31,Drury Diversified Trend-Following Program,12.5,13.687535425595044,11.999999999999996,0.9213114306723508,1.9427456164634263,0.9344340092728608,7.139337189727824,0.7204138978125663,9.542656304873198,0.06286822337820726,0.09527031470155388,0.10638485375270565,-1.7785749329620995,0.09333825801145874,-2.077259511356081,6.475786394784788,
2010-12-31,RGN Diversified Program,12.5,13.378017130243203,12.0,0.9097384647516404,1.663130751745361,0.9244895308082892,14.459345130422053,-4.627434935679231,9.820310594218313,-0.4833357294674153,-0.6828099504710591,-0.4494811501590927,-0.9976061115316838,-0.24301770731126088,-1.1505394737556696,9.177672989186092,
2010-12-31,Kaiser Global Diversified Program,12.5,12.932920511759672,12.000000000000002,0.8754547153801818,1.3333620223598113,0.8945055804331806,11.057098148903554,16.676641944902613,14.10607369584967,1.1735612013713899,2.359789146301767,1.1568871199536683,0.16503011618273739,0.9367031796786539,0.18310354755611824,3.4404127029475373,
2010-12-31,ETC Evolution Strategy,12.5,11.929601494155428,12.0,0.7971704507706455,1.4709513949186581,0.8210691741982334,8.044836001960165,18.417027689507528,13.027759867810532,1.4043043312788288,2.671540764988141,1.3582571563984966,0.39063245119791024,1.192025842019073,0.3841369072774584,2.1061493607917425,
2010-12-31,Transtrend Diversified Trend Program,12.5,11.538769660374172,12.0,0.7613599858368925,1.4810764884868712,0.7881900754134534,11.264918534334168,14.3030004346127,11.882679406098863,1.1921028464437293,2.39760876123027,1.174858142815481,0.09286801836869378,0.9993373467539576,0.13700797827888384,5.393293631078066,
2011-12-31,Equal Weight,,13.217156394218144,10.147364350816712,1.2315802174784112,2.6213372693549135,1.2149634930650453,5.209163477614798,1.7070551757288888,8.778006960796034,0.1818090139196926,0.27197485963347406,0.22077358629247085,0.9328491087834662,0.015022772454492996,1.9950953850805748,5.58238788062665,
2011-12-31,User Weight,,13.217156394218144,10.147364350816712,1.2315802174784112,2.6213372693549135,1.2149634930650453,5.209163477614798,1.7070551757288888,8.778006960796034,0.1818090139196926,0.27197485963347406,0.22077358629247085,0.9328491087834662,0.015022772454492996,1.9950953850805748,5.58238788062665,
2011-12-31,,,,,,,,,,,,,,,,,,
2011-12-31,Systematica BlueTrend,12.5,15.706536365982316,12.000000000000002,1.245425153241572,2.347649875135324,1.2254325227139775,6.480287007994734,0.38584602082689656,10.156296469306323,0.027272858614085575,0.03896336464511864,0.07402644771419291,0.9627985062449983,0.020333228197861195,1.6825099279367248,9.313583910752566,
2011-12-31,Trend Plus Strategy (PGIM),12.5,13.955175094320316,12.000000000000002,1.1034360498783091,2.771644102770566,1.0981744376559013,6.571968787630656,-5.5542790904989925,7.367912217717093,-0.7686824441068331,-1.0695243889677402,-0.755843757522866,-0.013224512660029327,-0.3737109569195201,0.3218076928913674,5.790003210880679,
2011-12-31,Auspice Diversified Trust,12.5,13.899140272444498,12.0,1.1012487648304188,2.940712755535996,1.0959364250116195,7.060605955511368,-1.4291068877435031,7.248275437445539,-0.2124672362975848,-0.32799616515757773,-0.18099764444212565,0.39043463005964374,-0.11042227869738765,0.7674626916174381,7.592687987298763,
2011-12-31,AHL Evolution,12.5,13.175865085852333,12.0,1.0278764271595455,1.8583305524669722,1.0318399810127312,11.85361725656352,9.36394089737731,14.95696971443936,0.61735744260896,1.3448638903829668,0.658731638646243,0.9232779319561771,0.6423925261511827,1.1483436882471292,5.924483532487579,
2011-12-31,Drury Diversified Trend-Following Program,12.5,12.415863984259602,11.999999999999996,0.9720897716766643,2.0214516218845113,0.9804956707846647,6.873072484457232,-7.904368522838345,11.226102353118977,-0.7137891047620449,-0.8632111743662781,-0.6895532093859366,-0.22374656918658808,-0.44798866890703376,-0.0014945940155731143,13.847338397949006,
2011-12-31,Quantica Managed Futures Program,12.5,12.216000503485835,12.0,0.9536012342521457,1.7543436977116824,0.9646326276529227,8.586590473759859,11.70734037901402,14.385702871597164,0.8048374803034506,1.6683551391786442,0.829892226259337,1.6891135427090966,0.6164118531963826,2.4223622464657626,7.833356229955967,
2011-12-31,Lynx Fund,12.5,11.598521121255768,12.000000000000002,0.9028454941007363,1.7189358583193335,0.918056924340532,8.57825726329855,-0.3765271081277888,13.521849237772853,-0.03593760556052267,-0.05034572218140027,0.02646163714904232,0.7481568238291125,-0.001628897458568253,1.395519521413721,7.291122919222559,
2011-12-31,The Winton Fund,12.5,11.101800170545474,12.000000000000004,0.8609718214450242,1.6986839739733508,0.8800757633242773,10.59273015356965,7.1855519647229915,8.653910682264849,0.8170675689739414,1.4660488586735523,0.8311301560019883,1.6884321811123462,0.43455607583035455,2.8722187609270153,5.272611986850661,
2012-12-31,Equal Weight,,14.029692237834723,8.99282198070158,1.5424482547103051,4.394524436761403,1.494971792027639,3.2695464068017266,6.327198625629249,6.866702085003151,0.9072914628837053,2.029190210031204,0.9133407268070285,1.2117674711372588,1.0502495935280194,1.7077455207411587,2.9299667683230335,
2012-12-31,User Weight,,14.029692237834723,8.99282198070158,1.5424482547103051,4.394524436761403,1.494971792027639,3.2695464068017266,6.327198625629249,6.866702085003151,0.9072914628837053,2.029190210031204,0.9133407268070285,1.2117674711372588,1.0502495935280194,1.7077455207411587,2.9299667683230335,
2012-12-31,,,,,,,,,,,,,,,,,,
2012-12-31,FORT Global Contrarian Program,12.5,21.939206849198257,12.000000000000004,1.8145730441028634,4.303268620919806,1.7124850815794501,7.843982345978063,0.8664957237464854,8.389815229262574,0.09243310525571624,0.17593750243809653,0.12992958465077034,0.5671614084735321,0.607337742120586,0.6062221895466774,4.899574622176561,
2012-12-31,FORT Global Diversified Program,12.5,17.023094005715024,12.000000000000002,1.405427377583585,3.183181649558076,1.3643345638000446,6.383685552121987,5.650209823537811,9.030583208149181,0.6152709256274524,1.388924058906872,0.6406250757689946,1.2548706149471636,0.942859546429518,1.5315979166432667,4.257896785504844,
2012-12-31,FORT Global Futures Program,12.5,17.023094005715024,12.000000000000002,1.405427377583585,3.183181649558076,1.3643345638000446,6.383685552121987,5.650209823537811,9.030583208149181,0.6152709256274524,1.388924058906872,0.6406250757689946,1.2548706149471636,0.942859546429518,1.5315979166432667,4.257896785504844,
2012-12-31,FORT Global Trend Program,12.5,14.092371155420125,12.000000000000002,1.1614042551077373,2.628172133941038,1.1501089135745528,8.964450731751583,5.613291483475713,9.30193935454697,0.5932796502028964,1.2327858350587837,0.6207605400250069,1.4113209372736248,0.9838296697346164,1.7859282085163544,3.510070971749435,
2012-12-31,Fulcrum Multi Asset Trend Fund,12.5,11.309334291988126,12.000000000000002,0.9292809944474686,1.7343315299609072,0.9424122388726494,11.317110472054104,0.9218988414627649,6.267908233216015,0.1325969287956305,0.20005957751962128,0.1608476938371314,0.47609295006461416,0.711405754389165,0.5024089091835239,3.936879849607422,
2012-12-31,Higher Moment Capital Aurora Fund,12.5,10.73546968968111,12.0,0.8823793498156529,1.3301290054441202,0.9014030775329752,16.67347696804985,17.06291818584336,6.914384085722275,2.4488692259222313,12.392484470179873,2.3079938729356053,1.6637094048667234,2.1052588180935996,2.18547288237008,1.7756172445305363,
2012-12-31,AHL Evolution,12.5,10.09414898127925,12.000000000000002,0.8283906439304319,1.6092048471635163,0.8498520270338052,6.44205202961774,21.976447514560316,6.13558170783958,3.565218118216685,10.745344774673425,3.27882103579647,2.169816889128893,2.2238375711939566,2.935170552683142,1.9739099116764969,
2012-12-31,Quantica Managed Futures Program,12.5,7.872257737752242,11.999999999999996,0.6440997298541652,1.1412393343131682,0.6801156135761721,8.40955036224338,-5.487190029059985,9.04395432809849,-0.6158680158368097,-0.8916171909250352,-0.5911201302482889,-0.0617669109012029,0.1483572955735854,-0.30961577161146164,8.666943652485326,
2013-12-31,Equal Weight,,17.833690112995114,9.953205707058107,1.7792299278751142,5.112498587957733,1.6965017140153487,3.596496077136535,-2.299497205465928,11.68456058569367,-0.2040835346932317,-0.26947417682616387,-0.15261809647182314,-0.26144342044207175,-0.17008167706350424,-0.6992071720792962,12.92255799916331,
2013-12-31,User Weight,,17.833690112995114,9.953205707058107,1.7792299278751142,5.112498587957733,1.6965017140153487,3.596496077136535,-2.299497205465928,11.68456058569367,-0.2040835346932317,-0.26947417682616387,-0.15261809647182314,-0.26144342044207175,-0.17008167706350424,-0.6992071720792962,12.92255799916331,
2013-12-31,,,,,,,,,,,,,,,,,,
2013-12-31,Higher Moment Capital Aurora Fund,12.5,25.808573751644538,12.000000000000002,2.1389651217297385,5.010416048414331,1.9795060992204347,7.001784451174043,9.305380488756665,17.716065662236062,0.5195410862431805,0.7273662377892064,0.5817179131137066,0.8934300006868009,0.7124968275627251,0.7474445224896588,14.084870110072956,
2013-12-31,FORT Global Diversified Program,12.5,20.853872773247684,12.000000000000004,1.7273886235948879,4.834310433921144,1.6388080008870287,6.120543816234125,-5.069189677698582,11.29557208204544,-0.4559965243295458,-0.5733943230165839,-0.4151113067419359,-0.2974375670627773,-0.2332586037492068,-0.6469110106367743,11.468780310504078,
2013-12-31,FORT Global Futures Program,12.5,20.853872773247684,12.000000000000004,1.7273886235948879,4.834310433921144,1.6388080008870287,6.120543816234125,-5.069189677698582,11.29557208204544,-0.4559965243295458,-0.5733943230165839,-0.4151113067419359,-0.2974375670627773,-0.2332586037492068,-0.6469110106367743,11.468780310504078,
2013-12-31,FORT Global Contrarian Program,12.5,20.269990237659318,12.000000000000002,1.6785748522981947,4.487229694075863,1.5978837715244159,8.275485192850118,0.5356149550397538,12.29317853008259,0.03636457947263354,0.05236199251765588,0.09261962267153423,0.2160291857208948,0.23289066319288984,0.09463831751697803,9.622113203427752,
2013-12-31,FORT Global Trend Program,12.5,19.613618616856087,12.0,1.6239471781856056,4.557909488697436,1.5511702922121475,4.501439994538082,-8.286482116900762,9.517457361557886,-0.8785165208427277,-1.002575552849245,-0.8701226077732223,-0.6270539194447752,-0.6071397571553028,-1.2442706284946894,10.558972368476937,
2013-12-31,AHL Evolution,12.5,17.712673674974223,12.0,1.4650393021428352,3.1134537376482005,1.4155580081732708,6.828379527740525,14.447660972459797,16.47025597408178,0.8714060138258091,1.86859492584367,0.8916161768313059,1.576032963591198,0.990255000543662,1.480341815748075,8.793698590310717,
2013-12-31,Winton Diversified Macro,12.5,8.285865016766314,12.0,0.6811570367498531,1.2180345959242018,0.714579408839476,10.207480195578277,6.429259938967458,11.660647958535945,0.5435595758445734,0.9263138360355413,0.5812377217759628,1.1653286366121869,0.7741647110356349,1.005945039547466,11.988734727440676,
2013-12-31,GAM Systematic Multi Strategy Fund,12.5,8.361297259846602,12.000000000000002,0.6873706476286021,1.2424468949145513,0.7203888473350951,6.936778793051279,-26.6946863056585,16.13371956244834,-1.6587125955214737,-1.5826634553771346,-1.8291132123865215,-2.722425816065133,-1.7200724076022402,-2.938437814374266,26.719655981723722,
2014-12-31,Equal Weight,,10.099841701661205,10.275179957434942,0.9723101741023302,2.0030680158094563,0.9795543357688135,10.00500482980432,18.792212682965335,7.5453093805527605,2.4802299389555045,8.535933976041198,2.3238686344309776,-0.9047044527401282,1.6109672947395917,-0.5012977667166059,1.4385534379078968,
2014-12-31,User Weight,,10.099841701661205,10.275179957434942,0.9723101741023302,2.0030680158094563,0.9795543357688135,10.00500482980432,18.792212682965335,7.5453093805527605,2.4802299389555045,8.535933976041198,2.3238686344309776,-0.9047044527401282,1.6109672947395917,-0.5012977667166059,1.4385534379078968,
2014-12-31,,,,,,,,,,,,,,,,,,
2014-12-31,Higher Moment Capital Aurora Fund,12.5,15.869241388386946,12.0,1.3124798589588464,2.2350900744919184,1.2847827693962017,11.397020553915983,29.047629713573684,15.111120287336826,1.9166159977307375,3.9424285902528653,1.7698331148419955,-0.16280858429112882,1.5422070372468184,1.141510319364299,2.3015767351343364,
2014-12-31,AHL Evolution,12.5,14.073975268252337,12.0,1.1633332773564478,2.4943180008739896,1.151601338521266,7.7569492684851244,17.7889922933582,9.287605366273736,1.9073461817430903,4.5378713712617795,1.8102053215431042,-0.7173630924750111,1.2171251300479942,-0.1880634984784595,2.661482172832519,
2014-12-31,FORT Global Contrarian Program,12.5,10.293747664817987,12.000000000000002,0.8486966338853342,1.692423583646497,0.8688440075875298,9.378736264760224,13.36904765275424,5.757880240705269,2.310418776521365,7.229833726025205,2.206584975070051,-0.9164377333012083,1.2207257177845332,-0.6191795212336999,1.75680909933551,
2014-12-31,FORT Global Diversified Program,12.5,10.101623374192027,12.0,0.8328536884176212,1.71266403184959,0.8539934170031948,11.123422335708277,15.379329893580262,5.078033574978214,3.0150634067352837,13.509284254974917,2.845037349993537,-0.8238847948013195,1.6890321001397703,-0.46061841734946873,1.0806037577512972,
2014-12-31,FORT Global Futures Program,12.5,10.101623374192027,12.0,0.8328536884176212,1.71266403184959,0.8539934170031948,11.123422335708277,15.812605424041305,5.071538311737325,3.1042712649939443,13.891364930153042,2.9233785657753915,-0.8085623203933409,1.8334714470855231,-0.42686573532497923,1.0806037577512972,
2014-12-31,FORT Global Trend Program,12.5,8.659689499696665,12.0,0.7127821376709227,1.5273348209664426,0.7429432998659963,10.185386548259768,17.970146462307635,5.867520949882888,3.0486675697932974,8.752521922816612,2.8505301333910924,-0.7659100742534706,2.472313904680285,-0.24303173210548262,1.8287705155390244,
2014-12-31,Quantica Managed Futures Program,12.5,5.720475662711744,12.0,0.4680626634079846,0.8608975688203939,0.5138550306987837,8.515586729969426,18.41147586298146,9.033637089899367,2.0291950577026525,4.349025754484348,1.9173100837748331,-0.8459090181081484,1.5489231846438545,-0.18049717375642224,0.6300598585299744,
2014-12-31,The Winton Fund,12.5,4.788232420421856,12.0,0.3907105193327267,0.6385136412599933,0.4404845688162193,12.696846536727623,21.78340821523519,14.24469122704812,1.5239316914083596,3.8657146897373162,1.4542353149023979,-0.6579611798937682,1.2112532501453495,0.23341733669740986,4.877103327038068,
2015-12-31,Equal Weight,,12.547689040065046,9.517001371235938,1.3088167913619146,2.6386092979177285,1.2852412791473538,8.12340631220062,-5.295026709758743,12.728471266547785,-0.4177013478885028,-0.5719726511101219,-0.37021298115304846,1.1197610840497922,-0.4586366340720892,-0.07103469345622729,11.579742220599865,
2015-12-31,User Weight,,12.547689040065046,9.517001371235938,1.3088167913619146,2.6386092979177285,1.2852412791473538,8.12340631220062,-5.295026709758743,12.728471266547785,-0.4177013478885028,-0.5719726511101219,-0.37021298115304846,1.1197610840497922,-0.4586366340720892,-0.07103469345622729,11.579742220599865,
2015-12-31,,,,,,,,,,,,,,,,,,
2015-12-31,AHL Evolution,12.5,20.546648076140105,12.0,1.704579561868452,3.7511025121067485,1.6200773683995922,9.246239572298665,4.11432778168952,11.76230463131179,0.34794912081406965,0.7358557674323665,0.3936919684634374,1.9398691126595644,0.03410447348730876,1.537802939529321,6.609117140433085,
2015-12-31,Higher Moment Capital Aurora Fund,12.5,18.583193564173772,12.0,1.5398506779790906,2.7477179752150174,1.4812747224469276,11.733259646280514,-11.472554794448298,15.48685441464121,-0.7422178792399359,-0.8977422937602836,-0.7127210108976414,0.05382818837565699,-0.6909126885438788,-0.6799723347913962,16.794071595091744,
2015-12-31,Campbell Managed Futures Portfolio,12.5,12.856931835147112,12.0,1.064025285625995,1.9470335478870324,1.0643569221039493,12.132883369479142,-7.052617491125779,13.925097573767662,-0.5079653789152214,-0.6386594690095257,-0.4604375062557926,0.5394978696060816,-0.5821899114359499,-0.5871469908151379,13.680772914513273,
2015-12-31,AHL Dimension,12.5,11.837883645599101,12.0,0.9788412224109757,1.5997008447756018,0.98833116192208,13.243475035239937,6.020419826011381,14.537007426931774,0.4126958334750899,0.6207317385513837,0.46826381813992435,1.224458739682634,0.13681444416833308,0.968630473176742,8.046478328208384,
2015-12-31,AlphaQuest Original Program,12.5,9.402768141038775,12.0,0.7763942852580817,1.4326975464771552,0.8026930322737424,9.392465275964735,-2.643330093176044,16.809652463095993,-0.15851483928853743,-0.22610352446951826,-0.08321037461829586,0.8182648597097257,-0.262831561362783,0.14977146873794664,11.070029297066986,
2015-12-31,Quantica Managed Futures Program,12.5,9.066858474108198,12.0,0.7481421644124109,1.3644224975253867,0.7765811518911742,9.689786615627993,-22.620655756180152,17.250821371122857,-1.3126704271567278,-1.3804104865299842,-1.390727581868697,-1.5850455640065937,-1.2019351204291209,-1.739350553162931,24.71572786344448,
2015-12-31,AlphaSimplex Managed Futures Strategy,12.5,8.46012041376305,12.000000000000002,0.6979368963309823,1.282769691860657,0.7299500395092475,13.329801331673885,-4.417177624056611,15.789781472662431,-0.28107349304247137,-0.42616715112609077,-0.21599750147963548,1.1899152632266536,-0.38555251157961623,-0.061011785071422284,16.12250080008648,
2015-12-31,The Winton Fund,12.5,7.969148936519566,12.000000000000002,0.6569410269349174,1.2110336196249383,0.6919140536527542,11.706225573488037,-3.8700699221278834,15.380205136063852,-0.25303800609556404,-0.36022778466598554,-0.1876918701274715,1.29824191853785,-0.311967225661238,0.017593898973831176,9.672772783376471,
2016-12-31,Equal Weight,,13.67895495430751,6.747262360949467,2.0186250568219286,5.078899937123094,1.9349600691733058,6.087208535767131,-0.5888508201471576,9.125241233271614,-0.0939035488141977,-0.15054395872069123,-0.052653050067819306,0.0747570272288719,0.25776774608559894,1.4079471439972717,8.075981889037642,
2016-12-31,User Weight,,13.67895495430751,6.747262360949467,2.0186250568219286,5.078899937123094,1.9349600691733058,6.087208535767131,-0.5888508201471576,9.125241233271614,-0.0939035488141977,-0.15054395872069123,-0.052653050067819306,0.0747570272288719,0.25776774608559894,1.4079471439972717,8.075981889037642,
2016-12-31,,,,,,,,,,,,,,,,,,
2016-12-31,Millburn Commodity Program,12.5,17.279592097508512,12.000000000000002,1.4344414559693814,3.7636464359990573,1.3888725305463823,9.186148658317405,-2.619052504339381,10.50335332402942,-0.27420867680654326,-0.4116131670841331,-0.2299813295376741,-0.1625592440398619,0.05425110265071952,0.30653942328482414,10.899348251673025,
2016-12-31,Altiq Futures Program,12.5,16.555815305684483,12.000000000000004,1.3740467299519716,2.7846422889000295,1.3376421608874771,7.488901202757059,-8.110012289352653,15.829462185430016,-0.5278200573103506,-0.6807888946566278,-0.4757090017834612,-0.5887805308732208,-0.27035117087416927,-0.11977244957043409,20.73526917339438,
2016-12-31,ROW Diversified Fund,12.5,13.22826594114781,12.000000000000002,1.0971925777834455,2.405726371391677,1.0929037507815644,10.817128066136572,1.0140314017618834,13.405166838319316,0.05509718879553752,0.08441200826501952,0.1163862307847243,0.22241624087708156,0.34253559439293335,0.9814418591957739,9.2950150045225,
2016-12-31,AHL Evolution,12.5,12.243886624950505,11.999999999999996,1.0152893835509775,2.1715674720221805,1.0196296404209584,8.33719040648997,5.8167446566520065,6.484827947199864,0.8506371483337554,1.6459315729092392,0.8594449050052478,0.5028639515208618,0.9794301900998009,1.465233466430634,4.24241618788802,
2016-12-31,Mulvaney Global Markets Fund,12.5,11.779446460682653,12.0,0.9766974505633549,1.7540552172542412,0.9856325948603016,10.923265459971542,1.0426194368941877,22.861960336740378,0.03351566847643643,0.061444457290998525,0.13480167668454854,0.20620202584315708,0.22535736448686525,0.540833965127806,12.270989583011694,
2016-12-31,HYDRA Platform Metori Global Trend Cell,12.5,11.542864516984297,12.0,0.9569359541890092,1.6916472022920974,0.9678058850262135,11.119053873397554,-0.2728627516314974,10.24369348050208,-0.05297151400358449,-0.08895542389139742,-0.006661795811436534,-0.007271797025664764,0.22320053921893213,1.1682092107057955,8.095561110265404,
2016-12-31,Boronia Diversified Program,12.5,11.408463217976838,12.0,0.9460042895902014,1.8365254967504852,0.9570348596289889,9.630314949662255,-3.208969919107074,18.958643684487487,-0.1830845465725227,-0.2416309382545919,-0.0967460676804655,-0.0939410327716126,0.06294340130563934,0.22372208325252582,15.929086844454687,
2016-12-31,AHL Dimension,12.5,11.329654681111755,11.999999999999996,0.9387462951468994,1.4774030002994167,0.9521133986409068,11.891358216803983,-2.4660925768961284,10.758001196100544,-0.25346377144928134,-0.346487781250552,-0.20692212959032744,-0.176841391851463,0.0759544574138634,0.4216457233493865,12.435537707649779,
2017-12-31,Equal Weight,,14.357837438324527,6.762682403347767,2.0988422169058976,6.913429153238059,2.005696647715347,3.789046461246204,3.124361846308865,3.453688255001958,0.7072901466957163,1.7829104730136252,0.7148077801323879,-0.9351048757822117,0.5429157830754384,-0.40902357633008996,1.7554155510392855,
2017-12-31,User Weight,,14.357837438324527,6.762682403347767,2.0988422169058976,6.913429153238059,2.005696647715347,3.789046461246204,3.124361846308865,3.453688255001958,0.7072901466957163,1.7829104730136252,0.7148077801323879,-0.9351048757822117,0.5429157830754384,-0.40902357633008996,1.7554155510392855,
2017-12-31,,,,,,,,,,,,,,,,,,
2017-12-31,Millburn Commodity Program,12.5,18.792559116843744,12.000000000000002,1.5525077596991557,3.5544537356202808,1.4908451228638584,10.321123328152847,11.649259633714992,15.351843032113106,0.7104439650734117,1.7776560474711693,0.7439187570933475,-0.22115037984600822,1.0058933039900295,0.3880518705520023,9.919010584796407,
2017-12-31,John Street Vantage Strategy,12.5,16.70719280511921,12.0,1.3804640864969073,3.0855953126377385,1.3426502502643802,4.824554551012595,0.5492092783066171,11.028388161279205,-0.013346381777577295,-0.023267791273701696,0.0353785401251199,-0.8448334405601431,0.17604696256393423,-0.3545054272910356,5.3159317884000075,
2017-12-31,Dormouse Density,12.5,15.745871447705362,12.000000000000002,1.3002810006873566,3.0616973568771915,1.2722805826870622,11.200641049363924,-7.511334699094652,9.302580436188949,-0.8762517249242371,-1.0701578382035724,-0.8687144718912152,-1.2021247913130755,-0.5564515911242094,-0.9268921589295996,8.711143476247985,
2017-12-31,John Street Systematic Strategy,12.5,15.78951201493377,12.0,1.3040454331444022,2.7859699315849777,1.2761416019680196,5.388996948296598,1.396637174406612,11.161720705405937,0.06237647654794196,0.11150328834501702,0.11144537614250281,-0.7981825475751493,0.24100028052793637,-0.2930878260929103,5.206757165574539,
2017-12-31,AHL Evolution,12.5,12.626680064200869,12.0,1.0404734799765156,2.240306664070382,1.0424655781297592,7.842858619861792,28.041369610964484,6.077717828507474,4.492118410943398,16.78867616403999,4.040781793349392,0.7802824142719017,2.520679897314248,2.896120852966343,1.4175036736155722,
2017-12-31,Boronia Diversified Program,12.5,10.601202852907289,12.0,0.8719261326166267,1.2858391712616382,0.8922640052872853,15.662986785098742,-15.62511365794924,15.913342297543162,-1.0172779722959158,-1.228229003157551,-1.0297134782276043,-1.1699571893546556,-0.932822911295721,-0.9761321429109836,18.853024317431487,
2017-12-31,Altiq Futures Program,12.5,10.351113948547198,12.000000000000002,0.8503717266831882,1.4240560759666827,0.8713759365332351,17.874622220566305,5.867879272339938,9.11446257373446,0.5667922499347431,1.0344583932679476,0.5944888385167345,-0.49271484103209423,0.6937048915347315,0.0035980813106638,6.313457170452774,
2017-12-31,ROW Diversified Fund,12.5,10.296500827547161,12.0,0.8463550738249053,1.6652084410043315,0.8666905761777837,9.749939123644513,1.4244959763333176,9.748528164894879,0.07473132682960441,0.11235313544451368,0.11819424925930365,-1.6981821211430967,0.2246107444344373,-0.8768675834958237,7.106893429071159,
2018-12-31,Equal Weight,,10.054321894591167,7.693347557148165,1.2612682957732249,3.4221432465330386,1.2450424781231761,6.7598726866924475,3.932086514931732,7.878797647820147,0.27685234152502125,0.4139417225570317,0.3104288547174558,0.8433750751102449,0.604889667588083,1.3862742109294044,4.875474618394682,
2018-12-31,User Weight,,10.054321894591167,7.693347557148165,1.2612682957732249,3.4221432465330386,1.2450424781231761,6.7598726866924475,3.932086514931732,7.878797647820147,0.27685234152502125,0.4139417225570317,0.3104288547174558,0.8433750751102449,0.604889667588083,1.3862742109294044,4.875474618394682,
2018-12-31,,,,,,,,,,,,,,,,,,
2018-12-31,AHL Evolution,12.5,14.728953309258763,11.999999999999996,1.199659193199548,2.565620468536598,1.1840406233896168,9.217103086953083,-2.174598392268745,13.722615999997753,-0.279256940480382,-0.39761562868650635,-0.22133304802034198,0.25264068125808387,0.14349353109578872,0.827441508624113,9.90701461999921,
2018-12-31,Dormouse Density,12.5,12.129044895690534,12.000000000000002,0.9785962439416955,2.323811785447211,0.9859211056100051,9.304950458344596,12.336301547204776,7.14779687573769,1.4648040374095477,2.855175159921985,1.4315819642907348,1.254854798474015,1.7620598211467486,1.6244113052383204,2.8376839025364586,
2018-12-31,John Street Vantage Strategy,12.5,10.266668419030523,12.0,0.8259959303244597,1.5504792197668138,0.8481539206668668,10.185640316754728,12.580098384680326,16.13047747158331,0.6622055083290977,1.0790160775574267,0.7059854924380129,1.5749320064765497,0.8259730505784212,1.7464923041732678,7.82348050696946,
2018-12-31,Millburn Commodity Program,12.5,10.110912689300156,12.000000000000002,0.813871161420444,1.7270735330045544,0.8365091532972245,15.792023021877878,27.629162498986904,13.58773467103052,1.8821367241030893,3.487474652191967,1.7546414815772033,2.7638532592293137,1.424275254335776,2.7927623855397354,6.4109680154765485,
2018-12-31,John Street Systematic Strategy,12.5,9.676139251367344,12.000000000000002,0.7771052591688484,1.418474930652406,0.8032898517451339,10.842948953039343,13.583143273902753,15.72816557163495,0.7418762439661716,1.2286992069642082,0.7771242374193739,1.683256756409717,0.8833540086604874,1.8519731332799843,7.523487981715626,
2018-12-31,Altiq Futures Program,12.5,7.274642374571361,12.0,0.5777613884775129,0.9237096899033894,0.618483189726323,24.140041091453845,-18.064511714917273,9.103345323285032,-2.138662362337297,-2.025912852497887,-2.315413942177281,-0.7495182957663202,-1.2884313328015695,-0.6074082029230327,19.278035891848177,
2018-12-31,HYDRA Platform Metori Global Trend Cell,12.5,6.581923708130821,11.999999999999996,0.5211809671585391,0.9231731010302029,0.5641440085692382,8.78526745931737,-7.813925584171544,9.256870272673186,-1.0079290661641458,-1.3990016700828647,-1.012141368044954,-0.4160165536564832,-0.2669534239538664,-0.006012752910526618,13.485730900437076,
2018-12-31,GSAM Managed Futures Strategy Fund,12.5,6.367406586657998,12.0,0.5027819150727092,0.8221372935790336,0.5472851226696819,11.90475438741342,-3.386772276495109,11.54893869960042,-0.4345369017198192,-0.6239426524253967,-0.39214548565634727,0.08141803568514712,0.06422535445269616,0.5336870422967184,12.013798004340293,
2019-12-31,Equal Weight,,9.31543429300894,7.753773342392031,1.0755246544438533,1.8929964871648264,1.0740620922617623,5.9225731260920345,13.333871712133094,9.787973272764706,1.1092180391015751,2.012571067884914,1.1023038515040957,-0.7483116707208196,0.23388380426338073,0.1239577669496847,6.563792219432085,
2019-12-31,User Weight,,9.31543429300894,7.753773342392031,1.0755246544438533,1.8929964871648264,1.0740620922617623,5.9225731260920345,13.333871712133094,9.787973272764706,1.1092180391015751,2.012571067884914,1.1023038515040957,-0.7483116707208196,0.23388380426338073,0.1239577669496847,6.563792219432085,
2019-12-31,,,,,,,,,,,,,,,,,,
2019-12-31,AHL Evolution,12.5,12.299715619701225,12.000000000000002,0.9395355212161072,1.5983078825774932,0.9525059391322177,10.662398905826521,25.37967528292413,15.622178006738563,1.4492113942313922,2.9627677597506037,1.3882673727377228,0.3328025247237704,0.8668393562720333,1.0302791747329052,9.431342495468487,
2019-12-31,Millburn Commodity Program,12.5,10.998575378494579,12.0,0.8393415233223531,1.6148878203816712,0.8602715567263275,15.211027580542936,5.993307151994931,12.285494202801965,0.2989558332668389,0.417679089335613,0.35145686245884683,-0.7115814615326376,-0.08710432036421215,-0.2080523909997237,3.953976018237859,
2019-12-31,Dormouse Density,12.5,9.353762181081681,11.999999999999996,0.6985750132358336,1.1904022827924832,0.7308097009022979,12.74234112354935,15.535613475983624,8.05159257027335,1.6181300191284178,3.392172004224892,1.5655726928449527,-0.30280334816036253,0.7670368547264838,0.42312148875728467,4.297457609088495,
2019-12-31,Systematica Alternative Markets,12.5,8.936212607141458,12.0,0.6632147315364129,1.0376697126718837,0.6987670303063505,12.006079841543515,32.07001525190461,12.787662982644335,2.28537004402364,5.957225052268596,2.0839865885519333,0.7059891195899014,1.46305038684306,1.618847444932985,5.880738611225389,
2019-12-31,John Street Systematic Strategy,12.5,7.467137294455184,11.999999999999996,0.5425980774088404,0.9148104013658219,0.5848534615319324,9.480387517976318,11.822912692761523,12.010879663759205,0.7790848948359417,1.621600685643955,0.8016966685887809,-0.44446014835869047,0.2967510280863641,0.15151009192421064,6.235180446983534,
2019-12-31,Crossborder Kintore,12.5,8.132997802690966,12.000000000000002,0.5956490246204738,1.2459726523888814,0.6335670452780225,12.331909401362196,1.7767046059743663,17.173346182488828,-0.02657641300866018,-0.04001325347703444,0.051998819080363634,-1.314075139368073,-0.2819445863118883,-0.6480825898036555,14.441501523374011,
2019-12-31,John Street Vantage Strategy,12.5,7.349517723236043,12.0,0.5326672780988954,0.901023216925904,0.5754868505608753,8.844696074382973,10.792625898147579,12.256919184395198,0.6813282748042762,1.369019367489894,0.7118862114679041,-0.4972711964320014,0.22360332160597776,0.08618669409306318,6.544065752512573,
2019-12-31,PIMCO  Managed Futures Strategy Fund,12.5,6.616440192703599,12.0,0.4712688104788679,0.7710226205079488,0.5176211007867226,13.222150690211521,3.631871872051029,9.918660727031313,0.13737227083333872,0.19745160528644357,0.18220460846836187,-1.4363823336705392,-0.33065300731353797,-0.7674453457452193,5.438159184266955,
2020-12-31,Equal Weight,,13.460285121119275,9.130196038675015,1.2822780213773317,2.1718455110408863,1.2625725535193577,6.173107191815919,0.519411680176507,8.77827866246019,-0.015109955090811188,-0.027025929164101348,0.02458006705864073,-1.247496123174114,0.6779640106556052,-0.8186195709626892,8.040868787030607,0.5596646991784202
2020-12-31,User Weight,,13.460285121119275,9.130196038675015,1.2822780213773317,2.1718455110408863,1.2625725535193577,6.173107191815919,0.519411680176507,8.77827866246019,-0.015109955090811188,-0.027025929164101348,0.02458006705864073,-1.247496123174114,0.6779640106556052,-0.8186195709626892,8.040868787030607,0.5596646991784202
2020-12-31,,,,,,,,,,,,,,,,,,
2020-12-31,Systematica Alternative Markets,12.5,18.38045350657813,11.999999999999996,1.378420846234624,2.4123899989261317,1.34207896703318,9.033886825387416,-0.2566702858584846,14.51544901244537,-0.06226857638001349,-0.12212656210999981,0.0016216343760203208,-1.206595055089783,0.21550430497597706,-0.8547987901142972,12.312628534619574,0.2754976287880402
2020-12-31,AHL Evolution,12.5,15.490973085755332,12.0,1.1390619310104289,2.016484904019307,1.1314361333453355,9.329572309477541,5.260179813260879,12.567834916833828,0.3633193186862687,0.7172108640386287,0.4125586550964358,-0.5173429858857388,0.630641999095986,-0.0734087757332275,5.358730477993634,0.6375652799139089
2020-12-31,AHL Dimension,12.5,13.972776664867958,12.0,1.0191498610805714,1.4883783881548875,1.026137869934923,12.871862948798451,-20.023904814432857,15.870326360833618,-1.2915719530831375,-1.4982305223966232,-1.3590518722519653,-2.4968031154358106,-1.1684752393026399,-2.230480112510184,26.610999027894668,-1.6321049998856914
2020-12-31,Millburn Commodity Program,12.5,13.31200821970766,12.0,0.9631032700326819,1.6764694181066704,0.9736290359194689,8.330752892254223,14.96321485271983,15.28652104731314,0.9389448562829769,2.3704445838030543,0.9497678596196726,0.4365726066367101,1.1245929626610582,0.6141368800585738,7.959801760817009,0.9380499734084878
2020-12-31,Quantica Managed Futures Program,12.5,12.92916202315233,11.999999999999996,0.9325712824186191,1.56629304462489,0.9462041172375398,13.800995743613187,4.810706981607327,13.45521587438953,0.3061353621515452,0.4872989161722762,0.36224510958038075,-0.36590400722703786,0.6012928803691852,-0.0796953989541278,9.065393993455118,1.0224799618206244
2020-12-31,FORT Global Contrarian Program,12.5,11.518234039236708,12.0,0.8152170437917367,1.4151306389337621,0.8386593809622842,10.003871767462524,-1.5114549627643026,11.829895758429688,-0.18164706385584012,-0.2381883812326983,-0.1282340389497881,-0.7136663671418657,0.13543006027573812,-0.554651484787631,11.607417590065205,0.11141833854460115
2020-12-31,FORT Global Diversified Program,12.5,9.894546420290084,12.0,0.6823717287382596,1.2133786459679603,0.7156209749760857,9.393877016315288,-13.39730565139895,19.64348425071175,-0.7096785555248311,-0.7643029232242722,-0.6593724424251338,-0.9370604538222227,-0.5057541773343256,-0.8677347088728055,19.70208753356164,-0.6198397192987481
2020-12-31,HYDRA Platform Metori Global Trend Cell,12.5,9.78730446688525,12.0,0.6724476266471294,1.3006155438063807,0.7061046704948426,15.22749978483252,14.697917437866792,6.85165818891692,2.0628242706511517,8.027523263561562,1.9719682133876282,0.696187689880695,2.1802916076638255,1.0476697746707646,1.8280902068730565,1.3352135992547185
2021-12-31,Equal Weight,,11.843097943705816,7.7495806387929775,1.3137627425128962,2.5099810807219964,1.293616177088352,4.951823629154594,10.060159688023163,6.670990761669292,1.5073501994373606,2.7395455014851464,1.4726753077483408,1.6731849450626075,0.6238909434652123,0.1006593191878476,3.550458877295193,0.24892171830466464
2021-12-31,User Weight,,11.843097943705816,7.7495806387929775,1.3137627425128962,2.5099810807219964,1.293616177088352,4.951823629154594,10.060159688023163,6.670990761669292,1.5073501994373606,2.7395455014851464,1.4726753077483408,1.6731849450626075,0.6238909434652123,0.1006593191878476,3.550458877295193,0.24892171830466464
2021-12-31,,,,,,,,,,,,,,,,,,
2021-12-31,Millburn Commodity Program,12.5,13.811049727810264,12.0,1.0125617943404648,1.8483658377009187,1.017920367220961,7.406547927180274,10.26206810416317,8.64056680208424,1.1873066951730376,2.8475598661526416,1.1738503834680234,1.4173818627193593,0.5900818311117838,0.14756941030889964,3.1925722150088154,0.23232795608588422
2021-12-31,Global Tactical Allocation Program (GTAP),12.5,12.954271546902586,12.000000000000002,0.9367416704958929,1.7655065064565523,0.949384170375576,7.781073518867398,6.669187083454919,11.927230628733229,0.558329769014825,0.9165827942471559,0.5966270075925951,0.9949331681966248,0.2550602421273108,-0.23441365229252722,5.578381803694288,-0.11158365870541652
2021-12-31,Episteme Trend,12.5,12.569261593003356,12.0,0.9053414263345126,1.5674092378162765,0.9212404560892699,10.514486055579686,-3.3104390881981027,12.841677201649022,-0.25857853953411886,-0.3147278215006624,-0.20199610863117837,-0.004851559638986088,-0.31887198288007035,-1.6342434333027596,9.77810362726318,-1.199323245087551
2021-12-31,Crabel Gemini Program,12.5,11.507473307508121,12.000000000000004,0.8227236672588066,1.7518139619083877,0.8444835360400905,8.288511937600685,7.355253619932878,7.809712047577472,0.940880901968023,1.6619649831876173,0.9462499937212325,0.9007818130421829,0.36333373262980867,-0.17081995666784566,3.819366128630952,-0.054924087619469014
2021-12-31,Gresham ACAR Strategy,12.5,11.460003717207922,11.999999999999996,0.8150679905026316,1.640196397902654,0.8378778507388114,9.87123091889892,38.720048933171405,9.416877744766849,4.110197781588663,47.22779727559003,3.5638901113201205,2.7692574937351466,2.4358790589602375,2.451299542875426,1.0809560251893169,2.305725392275409
2021-12-31,HYDRA Platform Metori Global Trend Cell,12.5,10.343483352991868,12.000000000000002,0.725094708734659,1.4930210960963692,0.7547600442049995,17.517094552578527,-6.6598498751342605,8.799974551586171,-0.7579079003735851,-0.9704835029904555,-0.7416773276433417,-0.44284978834961214,-0.7143267082196146,-2.0734458131561513,9.849460848229874,-1.5877129541323476
2021-12-31,John Street Systematic Strategy,12.5,9.310743465632099,11.999999999999996,0.6394470546499504,1.0582477641232217,0.6761152183761082,7.052114774158602,18.514943249339243,9.635235543538325,1.9201733458190682,3.780454842420598,1.818340694331671,1.626455778519552,1.087501455173884,1.0368277088930982,4.5969681158457565,0.9773909225602534
2021-12-31,Trend Plus Strategy (PGIM),12.5,9.329431507230247,12.0,0.6403943668785483,1.2100354564919864,0.676382955448455,12.339592904705087,11.900930623521822,12.118461382511175,0.981795015597483,2.1439162636325295,0.9862763614119431,2.4822108890924763,0.5551756617362225,0.3744615060770512,5.2742423009122685,0.6334722840912258
2022-12-31,Equal Weight,,16.797411635717687,8.921826507070142,1.7555867443374094,3.905076748973497,1.6836693018339324,6.715434706781931,12.045504612201707,11.611666729556774,0.9147950705944079,1.641681182917051,0.9263501199420481,-1.3878253586289404,-0.3612796517561338,-2.12146535168002,6.825143456404826,-2.1448250473462145
2022-12-31,User Weight,,16.797411635717687,8.921826507070142,1.7555867443374094,3.905076748973497,1.6836693018339324,6.715434706781931,12.045504612201707,11.611666729556774,0.9147950705944079,1.641681182917051,0.9263501199420481,-1.3878253586289404,-0.3612796517561338,-2.12146535168002,6.825143456404826,-2.1448250473462145
2022-12-31,,,,,,,,,,,,,,,,,,
2022-12-31,Rotella Qdeck Systematic Trend Program,12.5,18.186214612030717,12.0,1.430796888635684,3.4123263568468305,1.3862620691401184,6.671527529968513,16.94733176988028,26.180600710557737,0.5988930730646542,1.3322226709335205,0.6734955341993211,-0.436860732972783,0.049223692658758575,-0.2911181694086893,10.57191809870468,-0.4333686355874074
2022-12-31,Systematica Alternative Markets,12.5,17.84666149552092,12.0,1.395500139297923,3.012746621110309,1.3559761183707875,11.594200521718612,15.99704129697992,10.305711075624883,1.4059286560434505,3.231352436299897,1.366668433030066,-0.983674286137714,-0.10266108769853456,-1.0737090190202292,3.8714812776146967,-1.236067027298274
2022-12-31,Florin Court Capital Fund,12.5,17.13746835914758,12.0,1.3326097009064488,3.0768484574094312,1.300976165775876,7.421606688088422,20.8477632800782,11.371401863185065,1.6878147810540003,2.9261584075389813,1.6069305917308723,-0.5908536235495458,0.12974037206959077,-0.6099285615481235,7.194891853570962,-0.8515874924750103
2022-12-31,Gresham ACAR Strategy,12.5,16.672982458633424,12.000000000000002,1.287033364115872,2.6488447912150592,1.2612758497246166,10.227174758035618,11.112148338889138,10.299344181127996,0.928561265215861,1.9524996940009482,0.9369622790680192,-0.8901226864451524,-0.377013177356758,-1.1679635857443702,7.607226414854418,-1.2815190457324188
2022-12-31,AHL Evolution,12.5,16.64474412178718,12.0,1.293742549166912,2.644184896091129,1.2675339785611923,8.184683624856293,6.316373265187614,16.82782754679898,0.3018285601234124,0.4388987459255399,0.3735078161246286,-2.2707238488170325,-0.4652031602423844,-1.9265959660050753,9.235082910477777,-2.322026719823975
2022-12-31,Global Tactical Allocation Program (GTAP),12.5,16.089004151493302,12.0,1.2512778624800702,2.6785584606158346,1.229972564299776,5.6399275135518785,-7.505702355654664,10.818170610872041,-0.7812305748686714,-1.0914735775793267,-0.7639731719839549,-1.893981749783359,-1.6526423328652478,-2.3628654474911572,12.822993861533917,-2.492113320640756
2022-12-31,Welton Trend,12.5,15.170563165500939,11.999999999999996,1.1713715460714684,2.4476071038718574,1.1595028366453544,10.068087332386998,19.954117455412003,16.12764287360279,1.1379401346939133,2.25054687646082,1.1250806399084343,-1.026732742471193,0.11868439923035787,-1.4744253287374185,10.254006405197435,-1.5631124323453842
2022-12-31,ISAM Vector,12.5,13.864795345267723,12.000000000000002,1.0617523957697725,1.8022905680019647,1.0627568231354145,12.232722023523024,10.853420960345893,17.491031651223288,0.5402727957340105,0.9391721452084821,0.5983518118453529,-1.3207809440068567,-0.26475721090342424,-2.0142035638737235,12.24786898410567,-2.42381632832264
2023-12-31,Equal Weight,,18.33508589476136,9.170343929079792,1.9031129018884998,4.214494570815747,1.8091837045746242,6.208519560690739,-1.3989639131376852,7.8950007820107055,-0.777090861648744,-0.9286191092198041,-0.763292433107097,0.15426216976071383,0.17265323436302804,0.5710799425660359,4.939112307298044,0.4164249754854482
2023-12-31,User Weight,,18.33508589476136,9.170343929079792,1.9031129018884998,4.214494570815747,1.8091837045746242,6.208519560690739,-1.3989639131376852,7.8950007820107055,-0.777090861648744,-0.9286191092198041,-0.763292433107097,0.15426216976071383,0.17265323436302804,0.5710799425660359,4.939112307298044,0.4164249754854482
2023-12-31,,,,,,,,,,,,,,,,,,
2023-12-31,Gresham ACAR Strategy,12.5,24.384423822265866,12.0,1.9507075367826638,4.973093899493708,1.824276515084619,9.000343420292879,0.7701867851290123,15.365319383486465,-0.2647294372046226,-0.38186894728221543,-0.19935815774681892,0.15682666988926244,0.21237259537340022,0.2974708771788681,14.39993733413829,0.2829291251062437
2023-12-31,Welton Trend,12.5,18.72998189452355,11.999999999999996,1.4918951485787688,3.3869027257839535,1.4389195294764408,9.90670704318638,-12.193441548559514,6.600553581164292,-2.4838432535173243,-2.0707015087299934,-2.662724702624291,-0.8151555120655143,-0.7717218930192992,-0.9187524174477851,12.75875545873032,-0.6821069236299946
2023-12-31,Florin Court Capital Fund,12.5,17.97014452995187,12.000000000000002,1.4305388828147796,2.9947221044197843,1.386304709294564,7.330586237274151,-1.1298421922843804,13.145926725568135,-0.44802186329356747,-0.5930123091625097,-0.39984643209029286,0.09932452505815749,0.11257988266669004,0.37143573029137944,7.661130559896245,0.336134814536745
2023-12-31,SPQI Select Trading Program,12.5,17.321840074808968,12.0,1.3838077212608546,3.21194902505885,1.3454703413048623,7.739225436574482,9.516679777906223,15.776960147075403,0.2722835170858,0.4036572838536674,0.34035080197051704,0.9485249944455066,0.6237027517463752,1.2453750226361384,8.74790755424053,1.0477710313484718
2023-12-31,SMN Structural Alpha Trend,12.5,16.718910904415594,11.999999999999996,1.325483689283295,2.8823570599828257,1.2948481835427679,8.186924406594741,8.779561011707603,12.070970592805336,0.29609157018228877,0.6379494489325668,0.34488234109499666,0.5761929331906158,0.6135976474670849,0.8555978866270646,5.142803045943278,0.8105313300654826
2023-12-31,Trend Plus Strategy (PGIM),12.5,16.41521499926668,12.0,1.3050828611295047,2.8196251148845,1.2770410221650563,6.016880043194172,-11.413248122491925,11.78204085198594,-1.337739528796088,-1.411122095793129,-1.390151086509717,-0.9269332598641332,-0.5314276059687579,-1.0240830976560218,12.25008676339584,-0.6028867290141522
2023-12-31,ISAM Vector,12.5,16.244004237988328,12.0,1.2850593474905156,2.4831565518159517,1.2598756747917643,11.548595890127123,-0.9076912966476613,10.072384281831825,-0.5624993004725034,-0.7506868587035638,-0.5312801142567861,0.11956455156015622,0.13104406400454408,0.5832579814028218,5.665827102745624,0.40939616106306576
2023-12-31,John Street Systematic Strategy,12.5,16.432592202701144,12.000000000000002,1.3040755526196,2.3359543244963192,1.2767882306398142,7.7192781391981935,-5.625306501025939,10.670136342872787,-0.9520372806694656,-1.0553047292437732,-0.9495165450720168,-0.2911866155626542,-0.19119315204705803,-0.15771226752427758,10.452412130790822,-0.07962132111841583
2024-12-31,Equal Weight,,17.37690368404614,9.411605944514408,1.5609115816968893,3.133909864084837,1.50907768163736,6.8801568830022415,0.6623109914962955,8.061158306847602,-0.5598113776487355,-0.7884955939626558,-0.5348267670498994,-0.02087772259815153,0.39632657498919455,0.29156799006222456,9.996480784195372,
2024-12-31,User Weight,,17.37690368404614,9.411605944514408,1.5609115816968893,3.133909864084837,1.50907768163736,6.8801568830022415,0.6623109914962955,8.061158306847602,-0.5598113776487355,-0.7884955939626558,-0.5348267670498994,-0.02087772259815153,0.39632657498919455,0.29156799006222456,9.996480784195372,
2024-12-31,,,,,,,,,,,,,,,,,,
2024-12-31,The Winton Fund,12.5,19.438526810356315,12.000000000000002,1.4018711443568388,2.6043187576055953,1.36161622741715,6.704710898345045,16.63560660761185,8.714928029438429,1.2234996991498102,2.953368398936836,1.2068228915668364,1.0455806239362602,1.514691133316468,1.3325395713000399,4.89185776874902,
2024-12-31,Mulvaney Global Markets Fund,12.5,17.962200845933562,12.0,1.2921098175103898,2.2836402454005706,1.2664917682997419,8.54427501914471,28.619806836137897,25.111096009935068,0.8781032638410267,2.2539355969120245,0.9084955464229384,1.5533237369241721,1.374875125188723,1.5608269262126937,14.688319676102612,
2024-12-31,SMN Structural Alpha Trend,12.5,17.071348685362263,11.999999999999996,1.207394040803043,2.724758430017919,1.1907779938140104,9.156589607693967,-22.45360840612548,8.149772823497777,-3.2539704199191033,-2.291189369050703,-3.695071469702754,-1.6097095543886066,-1.8688759998687272,-1.6985737143228212,22.140036318126477,
2024-12-31,Winton Diversified Macro,12.5,17.290526184603117,12.000000000000002,1.2339946086644993,2.166329114294181,1.2153780772626706,8.606064606396657,5.920103658051579,10.25296301820811,0.04580099899490547,0.07202703729246926,0.09266946178378678,0.1521293267598754,0.712824967676447,0.5193634394383342,11.340535549275998,
2024-12-31,Gresham ACAR Strategy,12.5,16.97972762871116,11.999999999999996,1.1907583157757116,2.3392907133824252,1.176704788074003,13.173335661976648,-14.565212539474892,8.053972880933532,-2.3617337760620596,-2.069884084611191,-2.559606752942944,-1.445432007472865,-1.3091672102501029,-1.5250872728802283,17.777382838561152,
2024-12-31,SMN Diversified Futures Fund,12.5,16.576282937954566,12.000000000000002,1.1693470572792626,2.7686251638611337,1.1571883908248248,9.87051748348543,-9.473683243972408,9.149137995372552,-1.5449767941906716,-1.5660252651192625,-1.6128544963193772,-1.5520469930086362,-1.3552541957516893,-1.6623854470714552,15.690698831549332,
2024-12-31,Florin Court Capital Fund,12.5,15.870006133923997,12.0,1.1071956950283717,1.9581433441701277,1.1031393398968246,11.585700944278232,-12.651691316896962,9.267576446299868,-1.8469296044146624,-1.7825817102934187,-1.9675873812010594,-1.5047998807396892,-2.0159806837690453,-2.0498414909728044,15.898148903264797,
2024-12-31,CFM ISTrends Program,12.5,15.413671057715872,12.0,1.0827034047032968,1.931487615167041,1.0809134671500473,6.975582944863734,21.547616087821986,10.799386943859426,1.4189494572315444,3.7333606347136965,1.3765675360234795,1.6072717295473458,1.818270831520455,2.024934401225359,3.7968821941733455,
